species,mass_kg,gait_type,target_speed_m/s,stiffness_Nm/rad,stiffness_normalised,return_status,unified_return_status,solver_success,iter_count,cost_total,cost_acceleration,cost_COT,stride_period_s,stride_length_m,achieved_avg_speed_m/s,n_phases,n_stance_phases,total_stance_time_s,flight_time_s,spine_peak_deg,spine_min_deg,spine_ROM_deg,duty_factor_LF,duty_factor_RF,duty_factor_LH,duty_factor_RH,notes
cheetah,45.5,rotary,8,4.55,0.1,Solve_Succeeded,SOLVER_RET_UNKNOWN,1,37,48.812,12.347,36.465,0.348087,2.78469,8,8,6,0.179891,0.168195,14.6425,-37.1075,51.7499,0.134195,0.145374,0.17821,0.18083,NaN
cheetah,45.5,rotary,8,5.2388,0.115138,Solve_Succeeded,SOLVER_RET_UNKNOWN,1,7,48.7658,12.3385,36.4273,0.348123,2.78499,8,8,6,0.179893,0.168231,14.5183,-37.28,51.7983,0.134182,0.145263,0.178232,0.180822,NaN
cheetah,45.5,rotary,8,6.032,0.132571,Solve_Succeeded,SOLVER_RET_UNKNOWN,1,32,47.3336,11.8377,35.496,0.348905,2.79124,8,8,6,0.18009,0.168815,9.32796,-42.0833,51.4113,0.133346,0.143644,0.180071,0.176529,NaN
cheetah,45.5,rotary,8,6.9452,0.152642,Solve_Succeeded,SOLVER_RET_UNKNOWN,1,13,47.3064,11.8294,35.477,0.349028,2.79222,8,8,6,0.18017,0.168857,9.10036,-42.2035,51.3038,0.133205,0.14317,0.180247,0.176597,NaN
cheetah,45.5,rotary,8,7.9967,0.175752,Solve_Succeeded,SOLVER_RET_UNKNOWN,1,6,47.6205,11.8355,35.785,0.347834,2.78267,8,8,6,0.179731,0.168103,9.36024,-42.0292,51.3895,0.133327,0.143605,0.180467,0.176844,NaN
cheetah,45.5,rotary,8,9.2073,0.202358,Solve_Succeeded,SOLVER_RET_UNKNOWN,1,15,47.254,11.8252,35.4288,0.34897,2.79176,8,8,6,0.180287,0.168684,9.06542,-42.3605,51.4259,0.132641,0.142953,0.180646,0.177236,NaN
cheetah,45.5,rotary,8,10.6013,0.232996,Solve_Succeeded,SOLVER_RET_UNKNOWN,1,7,47.4203,11.8447,35.5756,0.348284,2.78627,8,8,6,0.179815,0.168469,9.12825,-42.3062,51.4345,0.132242,0.142512,0.180405,0.178382,NaN
cheetah,45.5,rotary,8,12.2063,0.26827,Solve_Succeeded,SOLVER_RET_UNKNOWN,1,5,47.4407,11.8491,35.5916,0.347987,2.7839,8,8,6,0.179756,0.168231,9.1147,-42.3089,51.4236,0.13235,0.142754,0.18044,0.178413,NaN
cheetah,45.5,rotary,8,14.0542,0.308884,Solve_Succeeded,SOLVER_RET_UNKNOWN,1,16,47.1617,11.8293,35.3325,0.349208,2.79366,8,8,6,0.179928,0.16928,8.91892,-42.7167,51.6356,0.132379,0.142249,0.180308,0.178134,NaN
cheetah,45.5,rotary,8,16.182,0.355648,Solve_Succeeded,SOLVER_RET_UNKNOWN,1,24,47.1024,11.8157,35.2866,0.349455,2.79564,8,8,6,0.180111,0.169344,8.71018,-43.0164,51.7266,0.13238,0.14199,0.18043,0.178138,NaN
cheetah,45.5,rotary,8,18.6319,0.409492,Solve_Succeeded,SOLVER_RET_UNKNOWN,1,7,47.3415,11.8141,35.5274,0.348679,2.78943,8,8,6,0.17986,0.168819,9.33637,-42.8753,52.2116,0.132345,0.142299,0.180433,0.178649,NaN
cheetah,45.5,rotary,8,21.4526,0.471486,Solve_Succeeded,SOLVER_RET_UNKNOWN,1,17,46.9787,11.7685,35.2101,0.350119,2.80095,8,8,6,0.180399,0.16972,8.96272,-43.9361,52.8988,0.132203,0.141867,0.180539,0.178279,NaN
cheetah,45.5,rotary,8,24.7005,0.542868,Solve_Succeeded,SOLVER_RET_UNKNOWN,1,6,47.275,11.7761,35.4989,0.348971,2.79176,8,8,6,0.179971,0.168999,9.35886,-43.685,53.0439,0.132612,0.142415,0.180702,0.178565,NaN
cheetah,45.5,rotary,8,28.44,0.625055,Solve_Succeeded,SOLVER_RET_UNKNOWN,1,25,46.9263,11.7658,35.1605,0.350092,2.80074,8,8,6,0.180468,0.169624,9.86678,-44.023,53.8898,0.13265,0.141831,0.180233,0.179979,NaN
cheetah,45.5,rotary,8,32.7457,0.719686,Solve_Succeeded,SOLVER_RET_UNKNOWN,1,33,46.6634,11.7451,34.9183,0.350061,2.80048,8,8,6,0.180627,0.169433,9.47139,-44.9989,54.4703,0.132098,0.142194,0.180684,0.178911,NaN
cheetah,45.5,rotary,8,37.7032,0.828642,Solve_Succeeded,SOLVER_RET_UNKNOWN,1,30,46.449,11.7971,34.6518,0.348107,2.78486,8,8,6,0.179883,0.168224,10.8731,-45,55.8731,0.131226,0.142174,0.181578,0.17831,NaN
cheetah,45.5,rotary,8,43.4113,0.954095,Solve_Succeeded,SOLVER_RET_UNKNOWN,1,8,46.5379,11.7705,34.7675,0.348288,2.7863,8,8,6,0.17934,0.168947,11.5683,-44.6978,56.2661,0.130865,0.142036,0.180313,0.179063,NaN
cheetah,45.5,rotary,8,49.9836,1.09854,Solve_Succeeded,SOLVER_RET_UNKNOWN,1,18,46.0889,11.8061,34.2828,0.347608,2.78087,8,8,6,0.178943,0.168666,11.5311,-45,56.5311,0.13072,0.14131,0.181519,0.178812,NaN
cheetah,45.5,rotary,8,57.5509,1.26485,Solve_Succeeded,SOLVER_RET_UNKNOWN,1,18,45.9366,11.7698,34.1668,0.347854,2.78283,8,8,6,0.178826,0.169027,12.5397,-45,57.5397,0.131052,0.141237,0.181166,0.179719,NaN
cheetah,45.5,rotary,8,66.2639,1.45635,Solve_Succeeded,SOLVER_RET_UNKNOWN,1,22,45.952,11.5971,34.3549,0.349677,2.79742,8,8,6,0.177153,0.172524,16.3861,-44.9999,61.386,0.134567,0.140364,0.180743,0.180102,NaN
cheetah,45.5,rotary,8,76.2959,1.67683,Solve_Succeeded,SOLVER_RET_UNKNOWN,1,29,45.9239,11.448,34.4759,0.354067,2.83253,8,8,6,0.179536,0.174531,15.361,-45,60.3609,0.131209,0.14241,0.178804,0.177298,NaN
cheetah,45.5,rotary,8,87.8467,1.9307,Solve_Succeeded,SOLVER_RET_UNKNOWN,1,33,45.3902,11.5771,33.813,0.351502,2.81201,8,8,6,0.179242,0.172259,15.1504,-45,60.1503,0.131461,0.141882,0.179407,0.178519,NaN
cheetah,45.5,rotary,8,101.146,2.223,Solve_Succeeded,SOLVER_RET_UNKNOWN,1,22,44.9653,11.6373,33.328,0.35007,2.80056,8,8,6,0.178779,0.171291,15.422,-44.9994,60.4213,0.131383,0.141523,0.179966,0.179198,NaN
cheetah,45.5,rotary,8,116.459,2.55955,Solve_Succeeded,SOLVER_RET_UNKNOWN,1,19,44.423,11.7264,32.6965,0.34859,2.78872,8,8,6,0.178627,0.169963,15.5776,-44.9999,60.5776,0.131504,0.140378,0.180677,0.179419,NaN
cheetah,45.5,rotary,8,134.091,2.94705,Solve_Succeeded,SOLVER_RET_UNKNOWN,1,43,44.1538,11.6578,32.496,0.350225,2.8018,8,8,6,0.179635,0.170591,16.9067,-45,61.9067,0.132111,0.141205,0.180742,0.179022,NaN
cheetah,45.5,rotary,8,154.392,3.39322,Solve_Succeeded,SOLVER_RET_UNKNOWN,1,28,43.6527,11.711,31.9417,0.349037,2.7923,8,8,6,0.178833,0.170204,16.8449,-44.9996,61.8445,0.132225,0.140849,0.180897,0.179322,NaN
cheetah,45.5,rotary,8,177.766,3.90694,Solve_Succeeded,SOLVER_RET_UNKNOWN,1,27,42.9428,11.9488,30.994,0.343537,2.74829,8,8,6,0.174522,0.169015,19.4989,-45,64.4989,0.130441,0.13809,0.180994,0.181607,NaN
cheetah,45.5,rotary,8,204.679,4.49843,Solve_Succeeded,SOLVER_RET_UNKNOWN,1,19,42.1655,12.2041,29.9614,0.338201,2.70561,8,8,6,0.170916,0.167285,21.2675,-45,66.2675,0.130627,0.138865,0.182944,0.181803,NaN
cheetah,45.5,rotary,8,235.666,5.17947,Solve_Succeeded,SOLVER_RET_UNKNOWN,1,29,41.5519,12.2332,29.3187,0.336868,2.69494,8,8,6,0.169507,0.167361,21.5114,-45,66.5114,0.131412,0.137981,0.183276,0.182097,NaN
cheetah,45.5,rotary,8,271.345,5.96362,Solve_Succeeded,SOLVER_RET_UNKNOWN,1,21,41.0638,12.2264,28.8374,0.335805,2.68644,8,8,6,0.169056,0.166748,21.6796,-45,66.6796,0.132046,0.137624,0.183065,0.182899,NaN
cheetah,45.5,rotary,8,312.425,6.86649,Solve_Succeeded,SOLVER_RET_UNKNOWN,1,21,40.5054,12.4846,28.0208,0.33229,2.65832,8,8,6,0.16753,0.16476,21.8618,-45,66.8617,0.132031,0.136818,0.18512,0.183544,NaN
cheetah,45.5,rotary,8,359.725,7.90604,Solve_Succeeded,SOLVER_RET_UNKNOWN,1,40,40.1914,12.3989,27.7925,0.33164,2.65312,8,8,6,0.167757,0.163882,22.0135,-44.9995,67.0129,0.132886,0.138696,0.184791,0.184887,NaN
cheetah,45.5,rotary,8,414.186,9.10298,Solve_Succeeded,SOLVER_RET_UNKNOWN,1,19,39.9779,12.6892,27.2887,0.327178,2.61743,8,8,6,0.165357,0.161822,21.4394,-44.6796,66.119,0.134501,0.135938,0.185856,0.185082,NaN
cheetah,45.5,rotary,8,476.892,10.4811,Solve_Succeeded,SOLVER_RET_UNKNOWN,1,22,39.9693,12.9502,27.0191,0.322157,2.57725,8,8,6,0.163266,0.158891,20.2078,-40.1458,60.3536,0.136308,0.136332,0.186379,0.184273,NaN
cheetah,45.5,rotary,8,549.091,12.0679,Solve_Succeeded,SOLVER_RET_UNKNOWN,1,30,40.0537,13.2249,26.8288,0.316921,2.53537,8,8,6,0.161141,0.15578,18.8256,-35.0513,53.8769,0.137858,0.137885,0.186198,0.184377,NaN
cheetah,45.5,rotary,8,632.22,13.895,Solve_Succeeded,SOLVER_RET_UNKNOWN,1,47,40.1917,13.4745,26.7172,0.313065,2.50452,8,8,6,0.159566,0.153499,17.2626,-30.2599,47.5225,0.139197,0.139197,0.185888,0.184605,NaN
cheetah,45.5,rotary,8,727.936,15.9986,Solve_Succeeded,SOLVER_RET_UNKNOWN,1,17,40.3934,13.6861,26.7073,0.309855,2.47884,8,8,6,0.158412,0.151442,15.7978,-26.3114,42.1092,0.140512,0.140487,0.185438,0.18529,NaN
cheetah,45.5,rotary,8,838.142,18.4207,Solve_Succeeded,SOLVER_RET_UNKNOWN,1,16,40.754,13.8823,26.8718,0.307438,2.4595,8,8,6,0.157598,0.14984,14.5096,-23.7775,38.2871,0.141748,0.141766,0.185334,0.184968,NaN
cheetah,45.5,rotary,8,965.033,21.2095,Solve_Succeeded,SOLVER_RET_UNKNOWN,1,26,40.845,14.1168,26.7282,0.30569,2.44552,8,8,6,0.156959,0.14873,12.6616,-19.3916,32.0532,0.142355,0.142355,0.185421,0.185683,NaN
cheetah,45.5,rotary,8,1111.13,24.4205,Solve_Succeeded,SOLVER_RET_UNKNOWN,1,25,41.0876,14.3095,26.7781,0.304503,2.43602,8,8,6,0.155938,0.148565,11.2219,-16.3163,27.5382,0.142128,0.142128,0.184826,0.185154,NaN
cheetah,45.5,rotary,8,1279.35,28.1177,Solve_Succeeded,SOLVER_RET_UNKNOWN,1,29,41.337,14.4771,26.8598,0.303874,2.43099,8,8,6,0.155425,0.148449,9.94831,-13.7306,23.6789,0.141454,0.141454,0.184791,0.185234,NaN
cheetah,45.5,rotary,8,1473.04,32.3746,Solve_Succeeded,SOLVER_RET_UNKNOWN,1,24,41.5685,14.6282,26.9402,0.303717,2.42974,8,8,6,0.155102,0.148615,8.78435,-11.5751,20.3595,0.140815,0.140815,0.18471,0.185156,NaN
cheetah,45.5,rotary,8,1696.06,37.2759,Solve_Succeeded,SOLVER_RET_UNKNOWN,1,16,41.7806,14.7574,27.0232,0.303755,2.43004,8,8,6,0.15496,0.148794,7.74433,-9.76571,17.51,0.140441,0.140441,0.184675,0.185031,NaN
cheetah,45.5,rotary,8,1952.83,42.9193,Solve_Succeeded,SOLVER_RET_UNKNOWN,1,22,41.973,14.8608,27.1122,0.303644,2.42915,8,8,6,0.154871,0.148772,6.78773,-8.29271,15.0804,0.140464,0.140464,0.184426,0.185153,NaN
cheetah,45.5,rotary,8,2248.48,49.4171,Solve_Succeeded,SOLVER_RET_UNKNOWN,1,11,42.1528,14.967,27.1858,0.303468,2.42774,8,8,6,0.154818,0.14865,5.9691,-7.08779,13.0569,0.140203,0.140108,0.184438,0.185427,NaN
cheetah,45.5,rotary,8,2588.89,56.8987,Solve_Succeeded,SOLVER_RET_UNKNOWN,1,18,42.3086,15.0447,27.2639,0.303567,2.42854,8,8,6,0.154926,0.148641,5.158,-6.05243,11.2104,0.140599,0.140591,0.184312,0.185372,NaN
cheetah,45.5,rotary,8,2980.83,65.5129,Solve_Succeeded,SOLVER_RET_UNKNOWN,1,11,42.4504,15.1405,27.3099,0.303384,2.42707,8,8,6,0.15498,0.148404,4.45529,-5.17496,9.63025,0.140837,0.140822,0.184424,0.185568,NaN
cheetah,45.5,rotary,8,3432.12,75.4312,Solve_Succeeded,SOLVER_RET_UNKNOWN,1,19,42.5786,15.2268,27.3518,0.303263,2.4261,8,8,6,0.155046,0.148217,3.80351,-4.41209,8.2156,0.14129,0.14129,0.184354,0.185615,NaN
cheetah,45.5,rotary,8,3951.73,86.8511,Solve_Succeeded,SOLVER_RET_UNKNOWN,1,13,42.6953,15.3021,27.3932,0.303168,2.42535,8,8,6,0.15512,0.148048,3.25062,-3.77781,7.02843,0.141287,0.141263,0.184496,0.185868,NaN
cheetah,45.5,rotary,8,4550,100,Solve_Succeeded,SOLVER_RET_UNKNOWN,1,18,42.7971,15.3783,27.4188,0.303035,2.42428,8,8,6,0.155178,0.147857,2.76871,-3.23776,6.00648,0.141567,0.141567,0.184528,0.185984,NaN
cheetah,45.5,rotary,10,4.55,0.1,Solve_Succeeded,SOLVER_RET_UNKNOWN,1,76,54.1786,15.5793,38.5992,0.347706,3.47706,10,8,6,0.146516,0.20119,15.0047,-45,60.0047,0.11504,0.11504,0.150076,0.156263,NaN
cheetah,45.5,rotary,10,5.2388,0.115138,Solve_Succeeded,SOLVER_RET_UNKNOWN,1,13,54.1907,15.5411,38.6497,0.347853,3.47853,10,8,6,0.146545,0.201308,15.2101,-44.9991,60.2092,0.115139,0.115217,0.150018,0.155953,NaN
cheetah,45.5,rotary,10,6.032,0.132571,Solve_Succeeded,SOLVER_RET_UNKNOWN,1,12,54.167,15.5615,38.6055,0.347753,3.47753,10,8,6,0.146475,0.201278,15.0784,-44.9999,60.0783,0.115042,0.115064,0.150107,0.156021,NaN
cheetah,45.5,rotary,10,6.9452,0.152642,Solve_Succeeded,SOLVER_RET_UNKNOWN,1,18,54.1441,15.5691,38.5751,0.347426,3.47426,10,8,6,0.14649,0.200936,15.4028,-45,60.4028,0.115132,0.115132,0.150189,0.156323,NaN
cheetah,45.5,rotary,10,7.9967,0.175752,Solve_Succeeded,SOLVER_RET_UNKNOWN,1,22,54.1384,15.5554,38.583,0.347513,3.47513,10,8,6,0.146525,0.200988,15.3798,-44.9999,60.3797,0.115158,0.115296,0.15014,0.156167,NaN
cheetah,45.5,rotary,10,9.2073,0.202358,Solve_Succeeded,SOLVER_RET_UNKNOWN,1,18,54.1039,15.5648,38.5391,0.347299,3.47299,10,8,6,0.146458,0.200841,15.697,-44.9999,60.6969,0.115179,0.115183,0.150232,0.156287,NaN
cheetah,45.5,rotary,10,10.6013,0.232996,Solve_Succeeded,SOLVER_RET_UNKNOWN,1,25,54.0751,15.5564,38.5186,0.347105,3.47105,10,8,6,0.14644,0.200665,15.953,-45,60.953,0.115241,0.115242,0.150281,0.156365,NaN
cheetah,45.5,rotary,10,12.2063,0.26827,Solve_Succeeded,SOLVER_RET_UNKNOWN,1,23,54.0413,15.5578,38.4836,0.34701,3.4701,10,8,6,0.146409,0.200601,16.2193,-44.9999,61.2191,0.115276,0.115278,0.150271,0.156363,NaN
cheetah,45.5,rotary,10,14.0542,0.308884,Solve_Succeeded,SOLVER_RET_UNKNOWN,1,19,53.9995,15.5517,38.4479,0.346696,3.46696,10,8,6,0.14614,0.200556,16.4702,-45,61.4702,0.115376,0.115376,0.150304,0.155841,NaN
cheetah,45.5,rotary,10,16.182,0.355648,Solve_Succeeded,SOLVER_RET_UNKNOWN,1,23,53.9386,15.485,38.4536,0.344759,3.44759,10,8,6,0.143971,0.200787,16.1601,-44.998,61.1581,0.116072,0.116098,0.150999,0.150478,NaN
cheetah,45.5,rotary,10,18.6319,0.409492,Solve_Succeeded,SOLVER_RET_UNKNOWN,1,10,53.9794,15.3778,38.6017,0.344918,3.44918,10,8,6,0.144139,0.200779,16.5303,-44.9999,61.5302,0.116548,0.116932,0.151047,0.149627,NaN
cheetah,45.5,rotary,10,21.4526,0.471486,Solve_Succeeded,SOLVER_RET_UNKNOWN,1,16,53.7583,15.3866,38.3716,0.344162,3.44162,10,8,6,0.143098,0.201064,16.9145,-44.9995,61.914,0.116253,0.116258,0.150971,0.148552,NaN
cheetah,45.5,rotary,10,24.7005,0.542868,Solve_Succeeded,SOLVER_RET_UNKNOWN,1,16,53.6623,15.3998,38.2625,0.343845,3.43845,10,8,6,0.142893,0.200951,17.3888,-45,62.3888,0.116332,0.116332,0.150765,0.148478,NaN
cheetah,45.5,rotary,10,28.44,0.625055,Solve_Succeeded,SOLVER_RET_UNKNOWN,1,20,53.5565,15.4046,38.1519,0.343307,3.43307,10,8,6,0.142701,0.200606,18.2042,-45,63.2042,0.116514,0.116514,0.150587,0.148564,NaN
cheetah,45.5,rotary,10,32.7457,0.719686,Solve_Succeeded,SOLVER_RET_UNKNOWN,1,29,53.4406,15.4171,38.0236,0.343184,3.43184,10,8,6,0.142648,0.200536,18.7086,-44.9999,63.7085,0.116559,0.11656,0.150535,0.148565,NaN
cheetah,45.5,rotary,10,37.7032,0.828642,Solve_Succeeded,SOLVER_RET_UNKNOWN,1,15,53.3503,15.3937,37.9566,0.343103,3.43103,10,8,6,0.142893,0.200209,19.0963,-45,64.0962,0.116816,0.117019,0.15051,0.148836,NaN
cheetah,45.5,rotary,10,43.4113,0.954095,Solve_Succeeded,SOLVER_RET_UNKNOWN,1,14,53.1835,15.4056,37.7779,0.342842,3.42842,10,8,6,0.142631,0.200211,19.3478,-44.9996,64.3474,0.116784,0.116788,0.150607,0.148606,NaN
cheetah,45.5,rotary,10,49.9836,1.09854,Solve_Succeeded,SOLVER_RET_UNKNOWN,1,15,53.0371,15.3988,37.6383,0.342849,3.42849,10,8,6,0.1428,0.200048,20.8645,-44.9997,65.8642,0.11704,0.117136,0.150559,0.148772,NaN
cheetah,45.5,rotary,10,57.5509,1.26485,Solve_Succeeded,SOLVER_RET_UNKNOWN,1,25,52.7491,15.4941,37.255,0.342096,3.42096,10,8,6,0.142251,0.199845,21.6159,-45,66.6158,0.116926,0.116926,0.150243,0.148652,NaN
cheetah,45.5,rotary,10,66.2639,1.45635,Solve_Succeeded,SOLVER_RET_UNKNOWN,1,26,52.5087,15.5155,36.9932,0.341748,3.41748,10,8,6,0.142176,0.199572,22.3893,-44.9994,67.3887,0.11708,0.117085,0.150196,0.148741,NaN
cheetah,45.5,rotary,10,76.2959,1.67683,Solve_Succeeded,SOLVER_RET_UNKNOWN,1,28,52.2259,15.539,36.6868,0.341379,3.41379,10,8,6,0.142051,0.199329,22.9146,-45,67.9145,0.117174,0.117174,0.150176,0.148758,NaN
cheetah,45.5,rotary,10,87.8467,1.9307,Solve_Succeeded,SOLVER_RET_UNKNOWN,1,25,51.9032,15.5869,36.3163,0.340066,3.40066,10,8,6,0.141884,0.198182,24.2932,-45,69.2932,0.117624,0.117624,0.150557,0.149044,NaN
cheetah,45.5,rotary,10,101.146,2.223,Solve_Succeeded,SOLVER_RET_UNKNOWN,1,34,51.5399,15.6316,35.9082,0.339183,3.39183,10,8,6,0.141776,0.197407,25.1289,-45,70.1289,0.11793,0.11793,0.15079,0.149272,NaN
cheetah,45.5,rotary,10,116.459,2.55955,Solve_Succeeded,SOLVER_RET_UNKNOWN,1,25,51.1346,15.6895,35.4451,0.338011,3.38011,10,8,6,0.141684,0.196327,25.9656,-44.9999,70.9655,0.11835,0.118351,0.151133,0.149684,NaN
cheetah,45.5,rotary,10,134.091,2.94705,Solve_Succeeded,SOLVER_RET_UNKNOWN,1,34,50.6806,15.7324,34.9481,0.336971,3.36971,10,8,6,0.141578,0.195393,26.8152,-45,71.8152,0.118705,0.118705,0.151494,0.14995,NaN
cheetah,45.5,rotary,10,154.392,3.39322,Solve_Succeeded,SOLVER_RET_UNKNOWN,1,29,50.184,15.8013,34.3827,0.335356,3.35356,10,8,6,0.141432,0.193924,27.5123,-45,72.5123,0.119276,0.119276,0.152058,0.150404,NaN
cheetah,45.5,rotary,10,177.766,3.90694,Solve_Succeeded,SOLVER_RET_UNKNOWN,1,29,49.6497,15.8722,33.7775,0.333797,3.33797,10,8,6,0.141316,0.192481,28.0193,-45,73.0193,0.119834,0.119834,0.152576,0.150949,NaN
cheetah,45.5,rotary,10,204.679,4.49843,Solve_Succeeded,SOLVER_RET_UNKNOWN,1,25,49.082,15.8661,33.2159,0.331742,3.31742,10,8,6,0.141175,0.190567,28.023,-44.9999,73.0228,0.120577,0.120578,0.153345,0.151634,NaN
cheetah,45.5,rotary,10,235.666,5.17947,Solve_Succeeded,SOLVER_RET_UNKNOWN,1,11,48.5584,15.8371,32.7213,0.330864,3.30864,10,8,6,0.141245,0.189619,27.9668,-44.9999,72.9667,0.121252,0.121349,0.153618,0.152131,NaN
cheetah,45.5,rotary,10,271.345,5.96362,Solve_Succeeded,SOLVER_RET_UNKNOWN,1,16,47.9423,15.8439,32.0984,0.329256,3.29256,10,8,6,0.140709,0.188547,27.4333,-44.9999,72.4332,0.121636,0.121615,0.153941,0.15182,NaN
cheetah,45.5,rotary,10,312.425,6.86649,Solve_Succeeded,SOLVER_RET_UNKNOWN,1,30,47.2126,15.8833,31.3293,0.32734,3.2734,10,8,6,0.141031,0.186308,27.7066,-45,72.7066,0.122197,0.122197,0.155147,0.153497,NaN
cheetah,45.5,rotary,10,359.725,7.90604,Solve_Succeeded,SOLVER_RET_UNKNOWN,1,12,46.7687,15.8897,30.879,0.324731,3.24731,10,8,6,0.140056,0.184675,27.1817,-45,72.1817,0.123407,0.123451,0.155621,0.153069,NaN
cheetah,45.5,rotary,10,414.186,9.10298,Solve_Succeeded,SOLVER_RET_UNKNOWN,1,7,47.068,16.0038,31.0642,0.321804,3.21804,10,8,6,0.13998,0.181824,26.2394,-43.4561,69.6955,0.126048,0.12618,0.156069,0.152533,NaN
cheetah,45.5,rotary,10,476.892,10.4811,Solve_Succeeded,SOLVER_RET_UNKNOWN,1,54,45.846,15.6464,30.1996,0.314033,3.14033,10,8,6,0.130932,0.183101,25.6783,-45,70.6783,0.127375,0.127375,0.155343,0.154366,NaN
cheetah,45.5,rotary,10,549.091,12.0679,Solve_Succeeded,SOLVER_RET_UNKNOWN,1,31,45.9186,15.8749,30.0437,0.310313,3.10313,10,8,6,0.130766,0.179546,24.1705,-44.7571,68.9276,0.128905,0.128905,0.156972,0.155655,NaN
cheetah,45.5,rotary,10,632.22,13.895,Solve_Succeeded,SOLVER_RET_UNKNOWN,1,35,46.6075,16.4733,30.1342,0.311134,3.11134,10,8,6,0.135065,0.176069,21.4938,-36.6595,58.1533,0.128562,0.128562,0.158143,0.152022,NaN
cheetah,45.5,rotary,10,727.936,15.9986,Solve_Succeeded,SOLVER_RET_UNKNOWN,1,17,46.9131,16.764,30.1492,0.307455,3.07455,10,8,6,0.133891,0.173563,19.9846,-33.5392,53.5239,0.130101,0.130101,0.158389,0.152041,NaN
cheetah,45.5,rotary,10,838.142,18.4207,Solve_Succeeded,SOLVER_RET_UNKNOWN,1,28,47.3118,17.1268,30.1851,0.303264,3.03264,10,8,6,0.132849,0.170415,18.1897,-30.053,48.2427,0.131899,0.131899,0.158979,0.15182,NaN
cheetah,45.5,rotary,10,965.033,21.2095,Solve_Succeeded,SOLVER_RET_UNKNOWN,1,51,47.3765,17.6278,29.7487,0.294939,2.94939,10,8,6,0.128017,0.166923,15.5597,-24.7312,40.2909,0.135642,0.13564,0.158731,0.148099,NaN
cheetah,45.5,rotary,10,1111.13,24.4205,Solve_Succeeded,SOLVER_RET_UNKNOWN,1,27,47.6236,17.8054,29.8182,0.292515,2.92515,10,8,6,0.125689,0.166826,13.9466,-20.7054,34.652,0.136746,0.136746,0.155821,0.151703,NaN
cheetah,45.5,rotary,10,1279.35,28.1177,Solve_Succeeded,SOLVER_RET_UNKNOWN,1,33,47.98,18.0633,29.9167,0.291544,2.91544,10,8,6,0.125188,0.166356,12.2928,-17.5284,29.8212,0.137201,0.137201,0.154994,0.150968,NaN
cheetah,45.5,rotary,10,1473.04,32.3746,Solve_Succeeded,SOLVER_RET_UNKNOWN,1,29,48.32,18.2963,30.0237,0.290982,2.90982,10,8,6,0.124898,0.166084,10.7679,-14.6413,25.4092,0.137466,0.137466,0.154298,0.150594,NaN
cheetah,45.5,rotary,10,1696.06,37.2759,Solve_Succeeded,SOLVER_RET_UNKNOWN,1,22,48.6372,18.5506,30.0867,0.290704,2.90704,10,8,6,0.124875,0.165829,9.36994,-12.462,21.8319,0.137597,0.137597,0.154366,0.150274,NaN
cheetah,45.5,rotary,10,1952.83,42.9193,Solve_Succeeded,SOLVER_RET_UNKNOWN,1,27,48.9308,18.7528,30.178,0.290869,2.90869,10,8,6,0.124881,0.165988,8.10418,-10.6177,18.7219,0.137519,0.137519,0.154298,0.149921,NaN
cheetah,45.5,rotary,10,2248.48,49.4171,Solve_Succeeded,SOLVER_RET_UNKNOWN,1,21,49.1951,18.9125,30.2826,0.290836,2.90836,10,8,6,0.124854,0.165982,7.00717,-9.13013,16.1373,0.137535,0.137535,0.154223,0.149734,NaN
cheetah,45.5,rotary,10,2588.89,56.8987,Solve_Succeeded,SOLVER_RET_UNKNOWN,1,29,49.4255,19.0429,30.3826,0.291175,2.91175,10,8,6,0.124859,0.166317,6.02653,-7.8975,13.924,0.137374,0.137374,0.154061,0.149432,NaN
cheetah,45.5,rotary,10,2980.83,65.5129,Solve_Succeeded,SOLVER_RET_UNKNOWN,1,21,49.6275,19.1606,30.4669,0.291813,2.91813,10,8,6,0.124894,0.166919,5.24779,-6.87328,12.1211,0.137074,0.137074,0.153845,0.149074,NaN
cheetah,45.5,rotary,10,3432.12,75.4312,Solve_Succeeded,SOLVER_RET_UNKNOWN,1,23,49.807,19.2668,30.5402,0.292504,2.92504,10,8,6,0.124907,0.167597,4.56487,-6.00063,10.5655,0.136751,0.136751,0.153523,0.14873,NaN
cheetah,45.5,rotary,10,3951.73,86.8511,Solve_Succeeded,SOLVER_RET_UNKNOWN,1,24,49.9703,19.3673,30.603,0.293034,2.93034,10,8,6,0.124887,0.168147,4.04851,-5.26097,9.30948,0.136504,0.136504,0.153174,0.14849,NaN
cheetah,45.5,rotary,10,4550,100,Solve_Succeeded,SOLVER_RET_UNKNOWN,1,29,50.123,19.4757,30.6473,0.293048,2.93048,10,8,6,0.124786,0.168262,3.59395,-4.61586,8.20981,0.136496,0.136496,0.152829,0.148489,NaN
cheetah,45.5,rotary,12,4.55,0.1,Solve_Succeeded,SOLVER_RET_UNKNOWN,1,89,64.0412,20.3145,43.7266,0.349488,4.19385,12,8,6,0.123814,0.225674,23.204,-45,68.204,0.114454,0.114454,0.125364,0.122553,NaN
cheetah,45.5,rotary,12,5.2388,0.115138,Solve_Succeeded,SOLVER_RET_UNKNOWN,1,18,64.0627,20.3201,43.7425,0.349393,4.19271,12,8,6,0.123951,0.225441,23.3865,-44.9999,68.3864,0.114486,0.114485,0.125541,0.122753,NaN
cheetah,45.5,rotary,12,6.032,0.132571,Solve_Succeeded,SOLVER_RET_UNKNOWN,1,17,63.956,20.5574,43.3986,0.348621,4.18346,12,8,6,0.123687,0.224935,24.1091,-44.9999,69.109,0.114739,0.114739,0.125164,0.122862,NaN
cheetah,45.5,rotary,12,6.9452,0.152642,Solve_Succeeded,SOLVER_RET_UNKNOWN,1,15,63.9358,20.5346,43.4013,0.348727,4.18473,12,8,6,0.123751,0.224976,24.2558,-44.9996,69.2554,0.114714,0.114724,0.125252,0.122805,NaN
cheetah,45.5,rotary,12,7.9967,0.175752,Solve_Succeeded,SOLVER_RET_UNKNOWN,1,17,63.9286,20.5138,43.4148,0.348648,4.18378,12,8,6,0.123748,0.2249,24.252,-45,69.2519,0.114729,0.114729,0.12532,0.122757,NaN
cheetah,45.5,rotary,12,9.2073,0.202358,Solve_Succeeded,SOLVER_RET_UNKNOWN,1,21,63.9162,20.5217,43.3944,0.348698,4.18437,12,8,6,0.123773,0.224925,24.3242,-45,69.3242,0.114713,0.114713,0.125368,0.122703,NaN
cheetah,45.5,rotary,12,10.6013,0.232996,Solve_Succeeded,SOLVER_RET_UNKNOWN,1,18,63.9546,20.3772,43.5773,0.348067,4.1768,12,8,6,0.123858,0.224209,25.9598,-44.9989,70.9587,0.115057,0.115069,0.125298,0.122977,NaN
cheetah,45.5,rotary,12,12.2063,0.26827,Solve_Succeeded,SOLVER_RET_UNKNOWN,1,22,63.8313,20.4063,43.425,0.348354,4.18025,12,8,6,0.123682,0.224672,25.8004,-44.9999,70.8002,0.114828,0.114829,0.125278,0.122834,NaN
cheetah,45.5,rotary,12,14.0542,0.308884,Solve_Succeeded,SOLVER_RET_UNKNOWN,1,16,63.7913,20.422,43.3693,0.348268,4.17922,12,8,6,0.123625,0.224643,25.6333,-44.9999,70.6332,0.114856,0.114856,0.125154,0.122893,NaN
cheetah,45.5,rotary,12,16.182,0.355648,Solve_Succeeded,SOLVER_RET_UNKNOWN,1,20,63.7211,20.4601,43.261,0.348009,4.17611,12,8,6,0.123413,0.224596,25.7173,-44.9998,70.7171,0.114948,0.114949,0.12469,0.123004,NaN
cheetah,45.5,rotary,12,18.6319,0.409492,Solve_Succeeded,SOLVER_RET_UNKNOWN,1,10,63.8727,20.4942,43.3785,0.347532,4.17038,12,8,6,0.123814,0.223718,25.8526,-44.848,70.7005,0.115681,0.115542,0.124857,0.123211,NaN
cheetah,45.5,rotary,12,21.4526,0.471486,Solve_Succeeded,SOLVER_RET_UNKNOWN,1,38,63.6036,20.4978,43.1059,0.347796,4.17355,12,8,6,0.123329,0.224467,27.2515,-44.9998,72.2513,0.115013,0.115014,0.124547,0.122911,NaN
cheetah,45.5,rotary,12,24.7005,0.542868,Solve_Succeeded,SOLVER_RET_UNKNOWN,1,18,63.5492,20.5325,43.0167,0.346656,4.15987,12,8,6,0.123325,0.223331,27.1743,-45,72.1743,0.115389,0.115389,0.124944,0.123161,NaN
cheetah,45.5,rotary,12,28.44,0.625055,Solve_Succeeded,SOLVER_RET_UNKNOWN,1,15,63.4603,20.5251,42.9351,0.346793,4.16152,12,8,6,0.123395,0.223398,27.1947,-44.9996,72.1943,0.115356,0.115358,0.125005,0.123241,NaN
cheetah,45.5,rotary,12,32.7457,0.719686,Solve_Succeeded,SOLVER_RET_UNKNOWN,1,19,63.3753,20.5089,42.8664,0.347222,4.16667,12,8,6,0.123595,0.223627,27.9355,-45,72.9355,0.1152,0.1152,0.125322,0.12332,NaN
cheetah,45.5,rotary,12,37.7032,0.828642,Solve_Succeeded,SOLVER_RET_UNKNOWN,1,19,63.2888,20.4985,42.7902,0.347194,4.16633,12,8,6,0.12374,0.223454,28.4131,-45,73.4131,0.11521,0.11521,0.125546,0.123429,NaN
cheetah,45.5,rotary,12,43.4113,0.954095,Solve_Succeeded,SOLVER_RET_UNKNOWN,1,6,63.4725,20.5191,42.9535,0.346344,4.15613,12,8,6,0.123997,0.222347,28.631,-44.8353,73.4664,0.115903,0.115888,0.125782,0.123535,NaN
cheetah,45.5,rotary,12,49.9836,1.09854,Solve_Succeeded,SOLVER_RET_UNKNOWN,1,7,63.2818,20.5291,42.7527,0.346332,4.15598,12,8,6,0.124013,0.222319,28.4874,-44.8634,73.3507,0.116001,0.115935,0.125796,0.12355,NaN
cheetah,45.5,rotary,12,57.5509,1.26485,Solve_Succeeded,SOLVER_RET_UNKNOWN,1,27,62.7372,20.521,42.2163,0.345869,4.15043,12,8,6,0.123429,0.22244,30.5357,-44.9991,75.5348,0.115695,0.115707,0.125268,0.12377,NaN
cheetah,45.5,rotary,12,66.2639,1.45635,Solve_Succeeded,SOLVER_RET_UNKNOWN,1,13,62.8373,20.452,42.3853,0.345389,4.14466,12,8,6,0.124474,0.220915,32.515,-44.9999,77.515,0.11616,0.116221,0.126707,0.124614,NaN
cheetah,45.5,rotary,12,76.2959,1.67683,Solve_Succeeded,SOLVER_RET_UNKNOWN,1,18,62.307,20.467,41.84,0.34536,4.14432,12,8,6,0.123642,0.221718,31.9498,-44.9999,76.9497,0.115823,0.115823,0.126086,0.123976,NaN
cheetah,45.5,rotary,12,87.8467,1.9307,Solve_Succeeded,SOLVER_RET_UNKNOWN,1,30,62.1544,20.4452,41.7092,0.345244,4.14293,12,8,6,0.124007,0.221237,32.3748,-45,77.3748,0.11586,0.115952,0.126609,0.124323,NaN
cheetah,45.5,rotary,12,101.146,2.223,Solve_Succeeded,SOLVER_RET_UNKNOWN,1,19,61.658,20.4197,41.2383,0.344732,4.13679,12,8,6,0.123637,0.221095,33.0136,-45,78.0135,0.116033,0.116033,0.126397,0.123983,NaN
cheetah,45.5,rotary,12,116.459,2.55955,Solve_Succeeded,SOLVER_RET_UNKNOWN,1,26,61.385,20.4201,40.965,0.34453,4.13436,12,8,6,0.124013,0.220517,33.1503,-45,78.1502,0.116101,0.116306,0.126694,0.124502,NaN
cheetah,45.5,rotary,12,134.091,2.94705,Solve_Succeeded,SOLVER_RET_UNKNOWN,1,6,62.0062,20.477,41.5292,0.343572,4.12286,12,8,6,0.126352,0.21722,33.1314,-44.2431,77.3745,0.119091,0.118903,0.12787,0.125266,NaN
cheetah,45.5,rotary,12,154.392,3.39322,Solve_Succeeded,SOLVER_RET_UNKNOWN,1,14,60.7807,20.4193,40.3615,0.343512,4.12215,12,8,6,0.124811,0.218701,33.0837,-45,78.0837,0.11685,0.117329,0.12784,0.125168,NaN
cheetah,45.5,rotary,12,177.766,3.90694,Solve_Succeeded,SOLVER_RET_UNKNOWN,1,22,60.1685,20.4281,39.7404,0.342876,4.11451,12,8,6,0.124266,0.21861,32.7438,-45,77.7438,0.116661,0.116838,0.12801,0.125035,NaN
cheetah,45.5,rotary,12,204.679,4.49843,Solve_Succeeded,SOLVER_RET_UNKNOWN,1,18,59.3714,20.4947,38.8768,0.33908,4.06896,12,8,6,0.123548,0.215531,35.0483,-45,80.0483,0.117967,0.117967,0.12807,0.125266,NaN
cheetah,45.5,rotary,12,235.666,5.17947,Solve_Succeeded,SOLVER_RET_UNKNOWN,1,22,58.5835,20.5545,38.0289,0.33599,4.03189,12,8,6,0.123116,0.212874,35.3132,-45,80.3131,0.119054,0.119055,0.128285,0.126342,NaN
cheetah,45.5,rotary,12,271.345,5.96362,Solve_Succeeded,SOLVER_RET_UNKNOWN,1,28,57.9068,20.6548,37.252,0.330438,3.96526,12,8,6,0.122698,0.20774,35.2417,-45,80.2417,0.121057,0.12106,0.129145,0.128111,NaN
cheetah,45.5,rotary,12,312.425,6.86649,Solve_Succeeded,SOLVER_RET_UNKNOWN,1,26,57.2852,20.6911,36.5941,0.327602,3.93123,12,8,6,0.122301,0.205302,34.2009,-45,79.2008,0.122104,0.122105,0.129102,0.128877,NaN
cheetah,45.5,rotary,12,359.725,7.90604,Solve_Succeeded,SOLVER_RET_UNKNOWN,1,42,57.687,20.3521,37.3349,0.330776,3.96931,12,8,6,0.124113,0.206664,33.5106,-45,78.5105,0.120937,0.120942,0.133311,0.130246,NaN
cheetah,45.5,rotary,12,414.186,9.10298,Solve_Succeeded,SOLVER_RET_UNKNOWN,1,36,56.2973,20.9057,35.3915,0.321281,3.85537,12,8,6,0.121984,0.199297,31.512,-45,76.512,0.124502,0.124502,0.130676,0.130668,NaN
cheetah,45.5,rotary,12,476.892,10.4811,Solve_Succeeded,SOLVER_RET_UNKNOWN,1,26,56.0145,21.0747,34.9397,0.3176,3.81119,12,8,6,0.121829,0.19577,29.8562,-45,74.8562,0.125945,0.125945,0.131705,0.131703,NaN
cheetah,45.5,rotary,12,549.091,12.0679,Solve_Succeeded,SOLVER_RET_UNKNOWN,1,18,56.274,21.2148,35.0593,0.315526,3.78631,12,8,6,0.122142,0.193384,27.8506,-44.6183,72.4689,0.126773,0.126775,0.133089,0.132087,NaN
cheetah,45.5,rotary,12,632.22,13.895,Solve_Succeeded,SOLVER_RET_UNKNOWN,1,25,56.3284,21.5597,34.7687,0.310286,3.72343,12,8,6,0.121974,0.188312,25.4627,-45,70.4627,0.128913,0.128913,0.135276,0.13422,NaN
cheetah,45.5,rotary,12,727.936,15.9986,Solve_Succeeded,SOLVER_RET_UNKNOWN,1,29,56.8826,22.2294,34.6532,0.304358,3.65229,12,8,6,0.121268,0.18309,23.2559,-41.9364,65.1923,0.131425,0.131425,0.135589,0.135585,NaN
cheetah,45.5,rotary,12,838.142,18.4207,Solve_Succeeded,SOLVER_RET_UNKNOWN,1,43,57.6233,22.9917,34.6317,0.300282,3.60338,12,8,6,0.120753,0.179529,20.6798,-36.4826,57.1624,0.133208,0.133208,0.135717,0.135708,NaN
cheetah,45.5,rotary,12,965.033,21.2095,Solve_Succeeded,SOLVER_RET_UNKNOWN,1,41,58.3606,23.8692,34.4914,0.295973,3.55168,12,8,6,0.120044,0.17593,18.0426,-30.6265,48.6691,0.135149,0.13515,0.135288,0.135258,NaN
cheetah,45.5,rotary,12,1111.13,24.4205,Solve_Succeeded,SOLVER_RET_UNKNOWN,1,55,59.0931,24.4392,34.6539,0.294012,3.52815,12,8,6,0.120001,0.174011,15.7615,-25.2217,40.9832,0.136049,0.136049,0.136051,0.13605,NaN
cheetah,45.5,rotary,12,1279.35,28.1177,Solve_Succeeded,SOLVER_RET_UNKNOWN,1,33,59.7336,24.8358,34.8978,0.293786,3.52543,12,8,6,0.12,0.173786,13.7298,-20.4342,34.164,0.136153,0.136153,0.136153,0.136153,NaN
cheetah,45.5,rotary,12,1473.04,32.3746,Solve_Succeeded,SOLVER_RET_UNKNOWN,1,27,60.3032,25.2403,35.0629,0.292695,3.51234,12,8,6,0.12,0.172695,11.9309,-17.0663,28.9971,0.136661,0.136661,0.136662,0.136661,NaN
cheetah,45.5,rotary,12,1696.06,37.2759,Solve_Succeeded,SOLVER_RET_UNKNOWN,1,30,60.8391,25.6733,35.1658,0.291337,3.49604,12,8,6,0.120001,0.171336,10.2967,-14.346,24.6427,0.137298,0.137298,0.1373,0.137299,NaN
cheetah,45.5,rotary,12,1952.83,42.9193,Solve_Succeeded,SOLVER_RET_UNKNOWN,1,19,61.3336,26.0466,35.287,0.290751,3.48901,12,8,6,0.120006,0.170744,8.88737,-12.223,21.1103,0.137576,0.137577,0.137592,0.13758,NaN
cheetah,45.5,rotary,12,2248.48,49.4171,Solve_Succeeded,SOLVER_RET_UNKNOWN,1,26,61.7499,26.3082,35.4417,0.291069,3.49283,12,8,6,0.120001,0.171069,7.73165,-10.3616,18.0932,0.137425,0.137425,0.137426,0.137425,NaN
cheetah,45.5,rotary,12,2588.89,56.8987,Solve_Succeeded,SOLVER_RET_UNKNOWN,1,27,62.0902,26.518,35.5723,0.292022,3.50427,12,8,6,0.12,0.172022,6.82609,-8.95844,15.7845,0.136976,0.136976,0.136976,0.136976,NaN
cheetah,45.5,rotary,12,2980.83,65.5129,Solve_Succeeded,SOLVER_RET_UNKNOWN,1,23,62.378,26.7163,35.6617,0.292516,3.51019,12,8,6,0.12,0.172516,5.95951,-7.91007,13.8696,0.136745,0.136745,0.136745,0.136745,NaN
cheetah,45.5,rotary,12,3432.12,75.4312,Solve_Succeeded,SOLVER_RET_UNKNOWN,1,24,62.6357,26.9158,35.7199,0.292788,3.51345,12,8,6,0.120002,0.172786,5.18015,-7.02098,12.2011,0.136619,0.136619,0.136622,0.13662,NaN
cheetah,45.5,rotary,12,3951.73,86.8511,Solve_Succeeded,SOLVER_RET_UNKNOWN,1,36,62.8739,27.1066,35.7673,0.293053,3.51663,12,8,6,0.12,0.173053,4.51788,-6.2503,10.7682,0.136494,0.136494,0.136494,0.136494,NaN
cheetah,45.5,rotary,12,4550,100,Solve_Succeeded,SOLVER_RET_UNKNOWN,1,31,63.1064,27.2994,35.807,0.293075,3.5169,12,8,6,0.12,0.173075,4.00474,-5.545,9.54975,0.136484,0.136484,0.136484,0.136484,NaN
cheetah,45.5,rotary,15,4.55,0.1,Solve_Succeeded,SOLVER_RET_UNKNOWN,1,38,81.3238,32.4903,48.8335,0.334835,5.02252,15,8,6,0.0962437,0.238591,37.4578,-45,82.4578,0.0896141,0.0896266,0.105352,0.104557,NaN
cheetah,45.5,rotary,15,5.2388,0.115138,Solve_Succeeded,SOLVER_RET_UNKNOWN,1,25,81.2006,32.4685,48.7321,0.333326,4.9999,15,8,6,0.095437,0.237889,37.4023,-45,82.4023,0.0900019,0.090002,0.104513,0.104194,NaN
cheetah,45.5,rotary,15,6.032,0.132571,Solve_Succeeded,SOLVER_RET_UNKNOWN,1,17,81.0746,32.3622,48.7124,0.332446,4.9867,15,8,6,0.0945565,0.23789,37.5486,-45,82.5485,0.0902402,0.0902403,0.103573,0.103796,NaN
cheetah,45.5,rotary,15,6.9452,0.152642,Solve_Succeeded,SOLVER_RET_UNKNOWN,1,22,81.0272,32.2655,48.7617,0.332234,4.98351,15,8,6,0.0945274,0.237707,38.158,-45,83.158,0.0902981,0.0902982,0.103922,0.103923,NaN
cheetah,45.5,rotary,15,7.9967,0.175752,Solve_Succeeded,SOLVER_RET_UNKNOWN,1,23,81.009,32.2024,48.8066,0.332351,4.98527,15,8,6,0.0946202,0.237731,38.6341,-45,83.6341,0.0902659,0.0902659,0.104167,0.104167,NaN
cheetah,45.5,rotary,15,9.2073,0.202358,Solve_Succeeded,SOLVER_RET_UNKNOWN,1,18,81.0174,32.1692,48.8482,0.332613,4.98919,15,8,6,0.0946692,0.237943,38.9328,-45,83.9328,0.0901959,0.0901962,0.104227,0.104227,NaN
cheetah,45.5,rotary,15,10.6013,0.232996,Solve_Succeeded,SOLVER_RET_UNKNOWN,1,21,80.9855,32.183,48.8025,0.332266,4.98399,15,8,6,0.0947307,0.237535,39.381,-45,84.381,0.0902892,0.0902892,0.104526,0.104526,NaN
cheetah,45.5,rotary,15,12.2063,0.26827,Solve_Succeeded,SOLVER_RET_UNKNOWN,1,15,80.9756,32.2215,48.7541,0.332176,4.98264,15,8,6,0.0947649,0.237411,39.8941,-44.9999,84.8941,0.0903153,0.0903164,0.104632,0.10464,NaN
cheetah,45.5,rotary,15,14.0542,0.308884,Solve_Succeeded,SOLVER_RET_UNKNOWN,1,14,80.9833,32.1938,48.7894,0.332185,4.98278,15,8,6,0.0947593,0.237426,40.1572,-45,85.1572,0.0903115,0.0903118,0.104624,0.104633,NaN
cheetah,45.5,rotary,15,16.182,0.355648,Solve_Succeeded,SOLVER_RET_UNKNOWN,1,22,80.9333,32.2272,48.7061,0.33189,4.97836,15,8,6,0.0947648,0.237126,40.4222,-45,85.4222,0.0903916,0.0903918,0.104744,0.104745,NaN
cheetah,45.5,rotary,15,18.6319,0.409492,Solve_Succeeded,SOLVER_RET_UNKNOWN,1,20,80.8991,32.2298,48.6694,0.331644,4.97466,15,8,6,0.0947624,0.236881,40.7426,-45,85.7426,0.0904587,0.0904588,0.104817,0.104818,NaN
cheetah,45.5,rotary,15,21.4526,0.471486,Solve_Succeeded,SOLVER_RET_UNKNOWN,1,23,80.8606,32.2286,48.632,0.331589,4.97384,15,8,6,0.094758,0.236831,40.8542,-45,85.8542,0.0904733,0.0904733,0.104822,0.104822,NaN
cheetah,45.5,rotary,15,24.7005,0.542868,Solve_Succeeded,SOLVER_RET_UNKNOWN,1,32,80.8611,31.9985,48.8626,0.33314,4.99709,15,8,6,0.0948823,0.238257,41.2972,-45,86.2972,0.0900529,0.0900531,0.104703,0.104704,NaN
cheetah,45.5,rotary,15,28.44,0.625055,Solve_Succeeded,SOLVER_RET_UNKNOWN,1,41,80.8404,32.3519,48.4884,0.331332,4.96998,15,8,6,0.0944902,0.236842,40.9494,-45,85.9494,0.0905437,0.0905437,0.104073,0.104095,NaN
cheetah,45.5,rotary,15,32.7457,0.719686,Solve_Succeeded,SOLVER_RET_UNKNOWN,1,24,80.6962,32.2085,48.4878,0.330957,4.96435,15,8,6,0.094671,0.236286,41.8433,-45,86.8433,0.0906464,0.0906465,0.104759,0.104759,NaN
cheetah,45.5,rotary,15,37.7032,0.828642,Solve_Succeeded,SOLVER_RET_UNKNOWN,1,33,80.5641,32.2424,48.3217,0.330486,4.95729,15,8,6,0.0946745,0.235811,41.8905,-44.9999,86.8904,0.0907762,0.0907765,0.104915,0.104916,NaN
cheetah,45.5,rotary,15,43.4113,0.954095,Solve_Succeeded,SOLVER_RET_UNKNOWN,1,17,80.4358,32.2415,48.1942,0.330268,4.95402,15,8,6,0.0946809,0.235587,42.0821,-44.9999,87.082,0.0908364,0.0908367,0.104998,0.105003,NaN
cheetah,45.5,rotary,15,49.9836,1.09854,Solve_Succeeded,SOLVER_RET_UNKNOWN,1,23,80.2799,32.2462,48.0337,0.330034,4.9505,15,8,6,0.0946647,0.235369,42.2831,-45,87.2831,0.0909,0.0909001,0.105033,0.105033,NaN
cheetah,45.5,rotary,15,57.5509,1.26485,Solve_Succeeded,SOLVER_RET_UNKNOWN,1,22,80.0927,32.1887,47.9039,0.329632,4.94448,15,8,6,0.094621,0.235011,42.7772,-45,87.7772,0.091011,0.0910111,0.105024,0.105027,NaN
cheetah,45.5,rotary,15,66.2639,1.45635,Solve_Succeeded,SOLVER_RET_UNKNOWN,1,24,79.8904,32.1526,47.7378,0.329224,4.93836,15,8,6,0.0946142,0.234609,43.4848,-45,88.4848,0.0911254,0.0911273,0.105065,0.105103,NaN
cheetah,45.5,rotary,15,76.2959,1.67683,Solve_Succeeded,SOLVER_RET_UNKNOWN,1,24,79.6027,32.0825,47.5203,0.328747,4.9312,15,8,6,0.094596,0.234151,43.5845,-45,88.5845,0.091256,0.0912561,0.105232,0.105234,NaN
cheetah,45.5,rotary,15,87.8467,1.9307,Solve_Succeeded,SOLVER_RET_UNKNOWN,1,40,79.3111,32.0584,47.2528,0.328611,4.92917,15,8,6,0.0946517,0.233959,43.4619,-45,88.4619,0.0912936,0.0912937,0.105294,0.105445,NaN
cheetah,45.5,rotary,15,101.146,2.223,Solve_Succeeded,SOLVER_RET_UNKNOWN,1,21,78.9403,31.96,46.9803,0.327783,4.91674,15,8,6,0.0945819,0.233201,44.3073,-44.9994,89.3066,0.0915344,0.0915373,0.105438,0.105457,NaN
cheetah,45.5,rotary,15,116.459,2.55955,Solve_Succeeded,SOLVER_RET_UNKNOWN,1,22,78.5054,31.9228,46.5827,0.327281,4.90921,15,8,6,0.0945309,0.23275,44.5403,-45,89.5403,0.0916643,0.0916643,0.105509,0.105509,NaN
cheetah,45.5,rotary,15,134.091,2.94705,Solve_Succeeded,SOLVER_RET_UNKNOWN,1,38,78.0305,31.8847,46.1459,0.327091,4.90636,15,8,6,0.0945465,0.232544,44.4839,-45,89.4839,0.0917183,0.0917185,0.105613,0.105615,NaN
cheetah,45.5,rotary,15,154.392,3.39322,Solve_Succeeded,SOLVER_RET_UNKNOWN,1,28,77.4743,31.697,45.7773,0.326078,4.89117,15,8,6,0.0945222,0.231556,44.9279,-45,89.9279,0.092004,0.0920047,0.105846,0.105855,NaN
cheetah,45.5,rotary,15,177.766,3.90694,Solve_Succeeded,SOLVER_RET_UNKNOWN,1,28,76.8255,31.4674,45.3581,0.323835,4.85753,15,8,6,0.0944216,0.229414,44.9995,-45,89.9995,0.09264,0.0926401,0.106292,0.106292,NaN
cheetah,45.5,rotary,15,204.679,4.49843,Solve_Succeeded,SOLVER_RET_UNKNOWN,1,23,76.1352,31.3368,44.7984,0.323074,4.84612,15,8,6,0.0943878,0.228687,44.9998,-45,89.9998,0.092858,0.092858,0.106439,0.106439,NaN
cheetah,45.5,rotary,15,235.666,5.17947,Solve_Succeeded,SOLVER_RET_UNKNOWN,1,23,75.388,31.135,44.2529,0.321481,4.82222,15,8,6,0.0943317,0.22715,44.9971,-45,89.997,0.0933192,0.0933195,0.106786,0.106787,NaN
cheetah,45.5,rotary,15,271.345,5.96362,Solve_Succeeded,SOLVER_RET_UNKNOWN,1,22,74.6241,30.9572,43.667,0.320291,4.80436,15,8,6,0.0942982,0.225993,44.9223,-45,89.9222,0.093666,0.0936663,0.107078,0.107077,NaN
cheetah,45.5,rotary,15,312.425,6.86649,Solve_Succeeded,SOLVER_RET_UNKNOWN,1,30,73.8468,30.7132,43.1336,0.316607,4.74911,15,8,6,0.0941864,0.222421,44.3154,-45,89.3154,0.0947549,0.0947549,0.107976,0.107976,NaN
cheetah,45.5,rotary,15,359.725,7.90604,Solve_Succeeded,SOLVER_RET_UNKNOWN,1,28,73.1388,30.4401,42.6986,0.31408,4.7112,15,8,6,0.0941087,0.219971,43.0167,-45,88.0167,0.0955175,0.0955176,0.108597,0.108597,NaN
cheetah,45.5,rotary,15,414.186,9.10298,Solve_Succeeded,SOLVER_RET_UNKNOWN,1,52,72.5781,30.4509,42.1272,0.314271,4.71407,15,8,6,0.09384,0.220431,41.2932,-45,86.2932,0.0954593,0.0954594,0.107676,0.107675,NaN
cheetah,45.5,rotary,15,476.892,10.4811,Solve_Succeeded,SOLVER_RET_UNKNOWN,1,53,72.3156,30.3739,41.9417,0.313492,4.70238,15,8,6,0.0937313,0.219761,39.2203,-45,84.2203,0.0956964,0.0956965,0.107598,0.107596,NaN
cheetah,45.5,rotary,15,549.091,12.0679,Solve_Succeeded,SOLVER_RET_UNKNOWN,1,40,72.7879,30.8323,41.9556,0.307571,4.61357,15,8,6,0.0942797,0.213292,36.3666,-45,81.3666,0.0975383,0.0975383,0.111453,0.110246,NaN
cheetah,45.5,rotary,15,632.22,13.895,Solve_Succeeded,SOLVER_RET_UNKNOWN,1,84,72.6267,30.7382,41.8885,0.307965,4.61947,15,8,6,0.0933867,0.214578,34.6732,-45,79.6732,0.097414,0.0974141,0.10841,0.108407,NaN
cheetah,45.5,rotary,15,727.936,15.9986,Solve_Succeeded,SOLVER_RET_UNKNOWN,1,39,74.5291,31.9101,42.619,0.301701,4.52552,15,8,6,0.0950879,0.206613,31.077,-45,76.0769,0.0994362,0.0994361,0.111962,0.111015,NaN
cheetah,45.5,rotary,15,838.142,18.4207,Solve_Succeeded,SOLVER_RET_UNKNOWN,1,24,74.6084,33.6574,40.951,0.286024,4.29036,15,8,6,0.0927694,0.193255,25.2532,-35.9336,61.1867,0.104893,0.104902,0.11192,0.112098,NaN
cheetah,45.5,rotary,15,965.033,21.2095,Solve_Succeeded,SOLVER_RET_UNKNOWN,1,7,78.7668,35.7749,42.992,0.276732,4.15098,15,8,6,0.0947498,0.181982,20.9823,-28.0573,49.0396,0.111673,0.111901,0.112736,0.116634,NaN
cheetah,45.5,rotary,15,1111.13,24.4205,Solve_Succeeded,SOLVER_RET_UNKNOWN,1,7,79.1076,36.0956,43.012,0.273131,4.09696,15,8,6,0.0936263,0.179504,20.1237,-26.5764,46.7001,0.111946,0.112455,0.113418,0.116257,NaN
cheetah,45.5,rotary,15,1279.35,28.1177,Solve_Succeeded,SOLVER_RET_UNKNOWN,1,88,76.9784,35.3396,41.6389,0.271427,4.07141,15,8,6,0.0910457,0.180382,20.0204,-28.0617,48.0821,0.110527,0.110527,0.114379,0.114379,NaN
cheetah,45.5,rotary,15,1473.04,32.3746,Solve_Succeeded,SOLVER_RET_UNKNOWN,1,32,78.2123,36.52,41.6923,0.267085,4.00627,15,8,6,0.0903868,0.176698,17.4994,-23.7608,41.2602,0.112324,0.112324,0.113772,0.113772,NaN
cheetah,45.5,rotary,15,1696.06,37.2759,Solve_Succeeded,SOLVER_RET_UNKNOWN,1,19,79.4004,37.602,41.7984,0.264159,3.96238,15,8,6,0.0900577,0.174101,15.3179,-19.8849,35.2028,0.113569,0.11357,0.113782,0.113746,NaN
cheetah,45.5,rotary,15,1952.83,42.9193,Solve_Succeeded,SOLVER_RET_UNKNOWN,1,24,80.6243,38.5492,42.075,0.263174,3.94761,15,8,6,0.0901288,0.173045,13.2951,-16.4758,29.771,0.113994,0.113994,0.114479,0.114425,NaN
cheetah,45.5,rotary,15,2248.48,49.4171,Solve_Succeeded,SOLVER_RET_UNKNOWN,1,31,81.2133,39.0123,42.2009,0.269682,4.04522,15,8,6,0.0900097,0.179672,11.8017,-13.1839,24.9855,0.111243,0.111243,0.111276,0.111271,NaN
cheetah,45.5,rotary,15,2588.89,56.8987,Solve_Succeeded,SOLVER_RET_UNKNOWN,1,25,81.7772,39.5397,42.2375,0.27285,4.09275,15,8,6,0.0900057,0.182845,10.3446,-11.6269,21.9715,0.109952,0.109952,0.109966,0.109962,NaN
cheetah,45.5,rotary,15,2980.83,65.5129,Solve_Succeeded,SOLVER_RET_UNKNOWN,1,28,82.2966,40.1344,42.1622,0.273019,4.09528,15,8,6,0.0900001,0.183018,9.08408,-10.353,19.437,0.109883,0.109883,0.109883,0.109883,NaN
cheetah,45.5,rotary,15,3432.12,75.4312,Solve_Succeeded,SOLVER_RET_UNKNOWN,1,26,82.7734,40.6703,42.103,0.273392,4.10088,15,8,6,0.0900041,0.183388,7.92594,-9.25729,17.1832,0.109734,0.109734,0.109744,0.10974,NaN
cheetah,45.5,rotary,15,3951.73,86.8511,Solve_Succeeded,SOLVER_RET_UNKNOWN,1,39,83.2401,41.1871,42.053,0.274322,4.11482,15,8,6,0.0900005,0.184321,6.87419,-8.30127,15.1755,0.109361,0.109361,0.109362,0.109362,NaN
cheetah,45.5,rotary,15,4550,100,Solve_Succeeded,SOLVER_RET_UNKNOWN,1,36,83.6246,41.548,42.0766,0.274259,4.11388,15,8,6,0.0900062,0.184252,6.09438,-7.42241,13.5168,0.109387,0.109387,0.109405,0.109396,NaN
cheetah,45.5,transverse,8,4.55,0.1,Solve_Succeeded,SOLVER_RET_UNKNOWN,1,57,54.9732,16.5336,38.4396,0.340533,2.72426,8,8,7,0.196394,0.144139,-9.3267,-36.1558,26.8291,0.19486,0.16508,0.188865,0.204116,NaN
cheetah,45.5,transverse,8,5.2388,0.115138,Solve_Succeeded,SOLVER_RET_UNKNOWN,1,20,54.9881,16.5317,38.4564,0.340573,2.72459,8,8,7,0.196376,0.144198,-9.33055,-36.1367,26.8061,0.194837,0.164963,0.188879,0.204099,NaN
cheetah,45.5,transverse,8,6.032,0.132571,Solve_Succeeded,SOLVER_RET_UNKNOWN,1,18,54.9999,16.5225,38.4774,0.340696,2.72557,8,8,7,0.196282,0.144414,-9.58753,-35.9304,26.3429,0.194618,0.164757,0.188841,0.204015,NaN
cheetah,45.5,transverse,8,6.9452,0.152642,Solve_Succeeded,SOLVER_RET_UNKNOWN,1,19,55.0125,16.5033,38.5092,0.340995,2.72796,8,8,7,0.196347,0.144649,-10.1476,-35.8462,25.6986,0.194458,0.164811,0.188646,0.203846,NaN
cheetah,45.5,transverse,8,7.9967,0.175752,Solve_Succeeded,SOLVER_RET_UNKNOWN,1,14,55.0295,16.5059,38.5236,0.34105,2.7284,8,8,7,0.196314,0.144736,-10.1803,-35.7964,25.6162,0.194457,0.16468,0.188573,0.203836,NaN
cheetah,45.5,transverse,8,9.2073,0.202358,Solve_Succeeded,SOLVER_RET_UNKNOWN,1,22,55.0448,16.4861,38.5587,0.341346,2.73077,8,8,7,0.196455,0.144891,-10.5658,-35.7576,25.1917,0.194332,0.164744,0.188427,0.203805,NaN
cheetah,45.5,transverse,8,10.6013,0.232996,Solve_Succeeded,SOLVER_RET_UNKNOWN,1,22,55.0607,16.4887,38.572,0.341386,2.73109,8,8,7,0.196472,0.144914,-10.7182,-35.705,24.9868,0.194322,0.164663,0.188535,0.203748,NaN
cheetah,45.5,transverse,8,12.2063,0.26827,Solve_Succeeded,SOLVER_RET_UNKNOWN,1,15,55.0762,16.4589,38.6173,0.341896,2.73517,8,8,7,0.196669,0.145227,-11.4596,-35.655,24.1954,0.194258,0.164481,0.188343,0.203642,NaN
cheetah,45.5,transverse,8,14.0542,0.308884,Solve_Succeeded,SOLVER_RET_UNKNOWN,1,21,55.0922,16.4611,38.6311,0.341647,2.73318,8,8,7,0.196588,0.145059,-11.2317,-35.3288,24.0971,0.194442,0.164515,0.188327,0.20375,NaN
cheetah,45.5,transverse,8,16.182,0.355648,Solve_Succeeded,SOLVER_RET_UNKNOWN,1,16,55.1062,16.441,38.6653,0.341458,2.73166,8,8,7,0.196726,0.144731,-11.5526,-34.4827,22.9301,0.194836,0.16469,0.188383,0.203945,NaN
cheetah,45.5,transverse,8,18.6319,0.409492,Solve_Succeeded,SOLVER_RET_UNKNOWN,1,18,55.1193,16.4269,38.6924,0.341322,2.73058,8,8,7,0.196886,0.144436,-11.5684,-33.9559,22.3875,0.195156,0.164893,0.188422,0.204152,NaN
cheetah,45.5,transverse,8,21.4526,0.471486,Solve_Succeeded,SOLVER_RET_UNKNOWN,1,17,55.1298,16.4094,38.7205,0.340819,2.72655,8,8,7,0.197082,0.143737,-11.3971,-32.7328,21.3357,0.195874,0.165224,0.188666,0.204543,NaN
cheetah,45.5,transverse,8,24.7005,0.542868,Solve_Succeeded,SOLVER_RET_UNKNOWN,1,25,55.1367,16.4028,38.7339,0.340642,2.72514,8,8,7,0.197101,0.143541,-11.3015,-32.1753,20.8739,0.196085,0.165292,0.188725,0.204653,NaN
cheetah,45.5,transverse,8,28.44,0.625055,Solve_Succeeded,SOLVER_RET_UNKNOWN,1,20,55.1401,16.3836,38.7565,0.339788,2.71831,8,8,7,0.19722,0.142568,-10.8876,-30.4779,19.5903,0.197056,0.165763,0.18896,0.205223,NaN
cheetah,45.5,transverse,8,32.7457,0.719686,Solve_Succeeded,SOLVER_RET_UNKNOWN,1,17,55.1378,16.3735,38.7642,0.339423,2.71538,8,8,7,0.197285,0.142138,-10.721,-29.6226,18.9016,0.197462,0.165914,0.189228,0.205403,NaN
cheetah,45.5,transverse,8,37.7032,0.828642,Solve_Succeeded,SOLVER_RET_UNKNOWN,1,15,55.1308,16.3725,38.7583,0.339046,2.71237,8,8,7,0.197274,0.141772,-10.3537,-28.9188,18.5651,0.197836,0.165983,0.18942,0.205577,NaN
cheetah,45.5,transverse,8,43.4113,0.954095,Solve_Succeeded,SOLVER_RET_UNKNOWN,1,27,55.1124,16.3624,38.75,0.337212,2.6977,8,8,7,0.197429,0.139783,-9.13511,-28.2502,19.1151,0.199904,0.166766,0.190094,0.20664,NaN
cheetah,45.5,transverse,8,49.9836,1.09854,Solve_Succeeded,SOLVER_RET_UNKNOWN,1,14,55.0886,16.3681,38.7206,0.336904,2.69523,8,8,7,0.197324,0.13958,-8.71368,-28.1721,19.4584,0.200209,0.166644,0.19023,0.206709,NaN
cheetah,45.5,transverse,8,57.5509,1.26485,Solve_Succeeded,SOLVER_RET_UNKNOWN,1,23,55.0527,16.3728,38.6799,0.336312,2.69049,8,8,7,0.197209,0.139103,-7.93762,-28.2963,20.3587,0.20058,0.166785,0.190533,0.206894,NaN
cheetah,45.5,transverse,8,66.2639,1.45635,Solve_Succeeded,SOLVER_RET_UNKNOWN,1,17,55.0062,16.3802,38.626,0.33574,2.68592,8,8,7,0.197121,0.138619,-7.17603,-28.3389,21.1628,0.201044,0.16688,0.190867,0.207042,NaN
cheetah,45.5,transverse,8,76.2959,1.67683,Solve_Succeeded,SOLVER_RET_UNKNOWN,1,29,54.9208,16.3923,38.5285,0.333879,2.67103,8,8,7,0.196987,0.136892,-5.31134,-28.6081,23.2968,0.202582,0.167821,0.191585,0.207714,NaN
cheetah,45.5,transverse,8,87.8467,1.9307,Solve_Succeeded,SOLVER_RET_UNKNOWN,1,26,54.8366,16.4084,38.4282,0.333128,2.66502,8,8,7,0.196762,0.136366,-4.25012,-28.3182,24.0681,0.203141,0.167825,0.19192,0.207874,NaN
cheetah,45.5,transverse,8,101.146,2.223,Solve_Succeeded,SOLVER_RET_UNKNOWN,1,14,54.7701,16.4299,38.3402,0.332567,2.66053,8,8,7,0.196587,0.135979,-3.5911,-28.0932,24.5021,0.203451,0.167874,0.192152,0.208085,NaN
cheetah,45.5,transverse,8,116.459,2.55955,Solve_Succeeded,SOLVER_RET_UNKNOWN,1,26,54.5663,16.4824,38.0839,0.329283,2.63427,8,8,7,0.196004,0.133279,0.482896,-28.075,28.5579,0.20608,0.169337,0.193218,0.208826,NaN
cheetah,45.5,transverse,8,134.091,2.94705,Solve_Succeeded,SOLVER_RET_UNKNOWN,1,19,54.3974,16.5252,37.8721,0.328516,2.62813,8,8,7,0.195751,0.132765,1.55513,-28.3199,29.875,0.206494,0.169189,0.193804,0.20902,NaN
cheetah,45.5,transverse,8,154.392,3.39322,Solve_Succeeded,SOLVER_RET_UNKNOWN,1,81,54.1659,16.5906,37.5753,0.326088,2.6087,8,8,7,0.19576,0.130328,4.52302,-28.3275,32.8506,0.208529,0.171286,0.194602,0.209913,NaN
cheetah,45.5,transverse,8,177.766,3.90694,Solve_Succeeded,SOLVER_RET_UNKNOWN,1,31,53.9126,16.6481,37.2645,0.324814,2.59851,8,8,7,0.19547,0.129344,6.41037,-28.3313,34.7417,0.20925,0.171956,0.195167,0.210147,NaN
cheetah,45.5,transverse,8,204.679,4.49843,Solve_Succeeded,SOLVER_RET_UNKNOWN,1,24,53.6184,16.7378,36.8806,0.322909,2.58328,8,8,7,0.195111,0.127798,8.77657,-28.2442,37.0208,0.210221,0.173396,0.195783,0.21064,NaN
cheetah,45.5,transverse,8,235.666,5.17947,Solve_Succeeded,SOLVER_RET_UNKNOWN,1,31,53.295,16.8115,36.4835,0.321321,2.57057,8,8,7,0.194662,0.126659,10.3374,-27.8393,38.1767,0.210797,0.174232,0.196442,0.211076,NaN
cheetah,45.5,transverse,8,271.345,5.96362,Solve_Succeeded,SOLVER_RET_UNKNOWN,1,26,52.9567,16.8798,36.0769,0.319703,2.55762,8,8,7,0.19413,0.125573,11.5742,-27.2691,38.8432,0.211555,0.174537,0.197155,0.211647,NaN
cheetah,45.5,transverse,8,312.425,6.86649,Solve_Succeeded,SOLVER_RET_UNKNOWN,1,45,52.6009,16.9834,35.6174,0.317655,2.54124,8,8,7,0.193519,0.124136,13.052,-26.3793,39.4313,0.211919,0.17569,0.197873,0.212615,NaN
cheetah,45.5,transverse,8,359.725,7.90604,Solve_Succeeded,SOLVER_RET_UNKNOWN,1,40,52.243,17.0697,35.1733,0.315683,2.52546,8,8,7,0.19289,0.122793,13.8279,-25.129,38.9568,0.212445,0.176576,0.198358,0.213711,NaN
cheetah,45.5,transverse,8,414.186,9.10298,Solve_Succeeded,SOLVER_RET_UNKNOWN,1,22,51.8966,17.1802,34.7164,0.313539,2.50831,8,8,7,0.192029,0.12151,14.2202,-23.6097,37.8299,0.21292,0.177492,0.198935,0.214474,NaN
cheetah,45.5,transverse,8,476.892,10.4811,Solve_Succeeded,SOLVER_RET_UNKNOWN,1,27,51.5753,17.2794,34.296,0.311463,2.4917,8,8,7,0.191023,0.12044,14.3294,-21.9106,36.2399,0.213103,0.178517,0.199178,0.21515,NaN
cheetah,45.5,transverse,8,549.091,12.0679,Solve_Succeeded,SOLVER_RET_UNKNOWN,1,35,51.2903,17.3891,33.9012,0.309558,2.47646,8,8,7,0.190013,0.119545,14.1889,-20.0593,34.2483,0.213068,0.179192,0.19949,0.215894,NaN
cheetah,45.5,transverse,8,632.22,13.895,Solve_Succeeded,SOLVER_RET_UNKNOWN,1,22,51.0482,17.5079,33.5403,0.307548,2.46038,8,8,7,0.189218,0.11833,13.795,-18.2654,32.0604,0.213851,0.17979,0.199912,0.216787,NaN
cheetah,45.5,transverse,8,727.936,15.9986,Solve_Succeeded,SOLVER_RET_UNKNOWN,1,26,50.8592,17.6417,33.2175,0.305334,2.44267,8,8,7,0.188691,0.116643,13.2582,-16.4938,29.752,0.215171,0.180735,0.200318,0.218266,NaN
cheetah,45.5,transverse,8,838.142,18.4207,Solve_Succeeded,SOLVER_RET_UNKNOWN,1,37,50.7124,17.7625,32.9499,0.304031,2.43224,8,8,7,0.187732,0.116298,12.5017,-14.6128,27.1145,0.214794,0.181056,0.200461,0.218517,NaN
cheetah,45.5,transverse,8,965.033,21.2095,Solve_Succeeded,SOLVER_RET_UNKNOWN,1,26,50.6031,17.8837,32.7194,0.303108,2.42486,8,8,7,0.186754,0.116354,11.6651,-12.8443,24.5093,0.214386,0.180699,0.200483,0.218512,NaN
cheetah,45.5,transverse,8,1111.13,24.4205,Solve_Succeeded,SOLVER_RET_UNKNOWN,1,20,50.5253,18.0142,32.5111,0.302389,2.41911,8,8,7,0.185976,0.116412,10.8143,-11.2535,22.0678,0.214355,0.180033,0.200523,0.218535,NaN
cheetah,45.5,transverse,8,1279.35,28.1177,Solve_Succeeded,SOLVER_RET_UNKNOWN,1,21,50.4695,18.1372,32.3324,0.301999,2.41599,8,8,7,0.185251,0.116748,9.94883,-9.83207,19.7809,0.21369,0.179622,0.200465,0.218315,NaN
cheetah,45.5,transverse,8,1473.04,32.3746,Solve_Succeeded,SOLVER_RET_UNKNOWN,1,26,50.437,18.262,32.175,0.301777,2.41422,8,8,7,0.184696,0.117081,9.10378,-8.56518,17.669,0.213137,0.179093,0.200491,0.218131,NaN
cheetah,45.5,transverse,8,1696.06,37.2759,Solve_Succeeded,SOLVER_RET_UNKNOWN,1,21,50.4244,18.3872,32.0372,0.301578,2.41262,8,8,7,0.184284,0.117294,8.2842,-7.43414,15.7183,0.212755,0.178644,0.200619,0.218004,NaN
cheetah,45.5,transverse,8,1952.83,42.9193,Solve_Succeeded,SOLVER_RET_UNKNOWN,1,35,50.4415,18.4593,31.9822,0.301557,2.41246,8,8,7,0.184742,0.116815,7.52376,-6.45205,13.9758,0.214062,0.177744,0.200747,0.219042,NaN
cheetah,45.5,transverse,8,2248.48,49.4171,Solve_Succeeded,SOLVER_RET_UNKNOWN,1,19,50.4447,18.5878,31.8569,0.30124,2.40992,8,8,7,0.184054,0.117187,6.74475,-5.57398,12.3187,0.212845,0.178239,0.200886,0.218193,NaN
cheetah,45.5,transverse,8,2588.89,56.8987,Solve_Succeeded,SOLVER_RET_UNKNOWN,1,25,50.4713,18.6891,31.7822,0.301031,2.40825,8,8,7,0.183986,0.117045,6.02345,-4.80034,10.8238,0.212814,0.17833,0.201317,0.21804,NaN
cheetah,45.5,transverse,8,2980.83,65.5129,Solve_Succeeded,SOLVER_RET_UNKNOWN,1,17,50.5049,18.7729,31.732,0.300888,2.40711,8,8,7,0.183999,0.116889,5.35626,-4.1391,9.49536,0.212873,0.178538,0.201502,0.218019,NaN
cheetah,45.5,transverse,8,3432.12,75.4312,Solve_Succeeded,SOLVER_RET_UNKNOWN,1,14,50.5405,18.8553,31.6852,0.300811,2.40649,8,8,7,0.184073,0.116739,4.75256,-3.55875,8.31131,0.213153,0.178403,0.201791,0.218033,NaN
cheetah,45.5,transverse,8,3951.73,86.8511,Solve_Succeeded,SOLVER_RET_UNKNOWN,1,19,50.58,18.927,31.653,0.300757,2.40605,8,8,7,0.184239,0.116518,4.20045,-3.0502,7.25065,0.213375,0.178673,0.202009,0.218026,NaN
cheetah,45.5,transverse,8,4550,100,Solve_Succeeded,SOLVER_RET_UNKNOWN,1,17,50.6195,18.9827,31.6367,0.300797,2.40638,8,8,7,0.184465,0.116332,3.69906,-2.61964,6.3187,0.213666,0.178952,0.202155,0.217951,NaN
cheetah,45.5,transverse,10,4.55,0.1,Solve_Succeeded,SOLVER_RET_UNKNOWN,1,67,72.516,23.5999,48.9161,0.349251,3.49251,10,8,7,0.165944,0.183307,-7.20067,-38.6622,31.4615,0.17186,0.139018,0.157153,0.178912,NaN
cheetah,45.5,transverse,10,5.2388,0.115138,Solve_Succeeded,SOLVER_RET_UNKNOWN,1,21,72.4666,23.5975,48.8691,0.348813,3.48813,10,8,7,0.165686,0.183127,-7.05184,-37.7323,30.6805,0.172014,0.138996,0.157024,0.178976,NaN
cheetah,45.5,transverse,10,6.032,0.132571,Solve_Succeeded,SOLVER_RET_UNKNOWN,1,80,72.2623,23.7946,48.4677,0.34922,3.4922,10,8,7,0.16791,0.18131,-6.9343,-35.6959,28.7616,0.171813,0.138229,0.164969,0.177614,NaN
cheetah,45.5,transverse,10,6.9452,0.152642,Solve_Succeeded,SOLVER_RET_UNKNOWN,1,22,72.2655,23.7885,48.477,0.349656,3.49656,10,8,7,0.167827,0.181829,-6.95026,-35.8334,28.8832,0.171598,0.137885,0.164744,0.177349,NaN
cheetah,45.5,transverse,10,7.9967,0.175752,Solve_Succeeded,SOLVER_RET_UNKNOWN,1,22,72.275,23.7826,48.4924,0.349745,3.49745,10,8,7,0.167925,0.18182,-6.92983,-35.9061,28.9762,0.171554,0.137816,0.164801,0.177518,NaN
cheetah,45.5,transverse,10,9.2073,0.202358,Solve_Succeeded,SOLVER_RET_UNKNOWN,1,77,72.2843,23.7899,48.4944,0.349759,3.49759,10,8,7,0.1679,0.181859,-6.98563,-35.8988,28.9132,0.171555,0.137777,0.164812,0.177448,NaN
cheetah,45.5,transverse,10,10.6013,0.232996,Solve_Succeeded,SOLVER_RET_UNKNOWN,1,55,72.2941,23.7679,48.5262,0.350073,3.50073,10,8,7,0.167878,0.182195,-7.02016,-36.0241,29.0039,0.171397,0.137462,0.164741,0.177345,NaN
cheetah,45.5,transverse,10,12.2063,0.26827,Solve_Succeeded,SOLVER_RET_UNKNOWN,1,74,72.3034,23.7759,48.5275,0.349922,3.49922,10,8,7,0.167809,0.182113,-7.06447,-35.9882,28.9237,0.171472,0.137506,0.164714,0.177337,NaN
cheetah,45.5,transverse,10,14.0542,0.308884,Solve_Succeeded,SOLVER_RET_UNKNOWN,1,69,72.3076,23.7661,48.5415,0.350252,3.50252,10,8,7,0.167857,0.182395,-7.0661,-36.1334,29.0673,0.171306,0.137351,0.164695,0.177199,NaN
cheetah,45.5,transverse,10,16.182,0.355648,Solve_Succeeded,SOLVER_RET_UNKNOWN,1,60,72.3279,23.6995,48.6284,0.351576,3.51576,10,8,7,0.168507,0.183069,-7.02943,-37.2138,30.1844,0.170668,0.137572,0.164632,0.177078,NaN
cheetah,45.5,transverse,10,18.6319,0.409492,Solve_Succeeded,SOLVER_RET_UNKNOWN,1,24,72.3235,23.7248,48.5987,0.351229,3.51229,10,8,7,0.168224,0.183005,-7.0984,-37.0542,29.9558,0.170829,0.137232,0.164584,0.177142,NaN
cheetah,45.5,transverse,10,21.4526,0.471486,Solve_Succeeded,SOLVER_RET_UNKNOWN,1,24,72.3234,23.7278,48.5956,0.351272,3.51272,10,8,7,0.168171,0.183101,-7.11458,-37.1023,29.9878,0.170809,0.137061,0.164576,0.17711,NaN
cheetah,45.5,transverse,10,24.7005,0.542868,Solve_Succeeded,SOLVER_RET_UNKNOWN,1,40,72.3202,23.7317,48.5885,0.351617,3.51617,10,8,7,0.168102,0.183515,-7.1424,-37.2828,30.1404,0.17064,0.136699,0.164531,0.176852,NaN
cheetah,45.5,transverse,10,28.44,0.625055,Solve_Succeeded,SOLVER_RET_UNKNOWN,1,20,72.3198,23.7302,48.5896,0.351743,3.51743,10,8,7,0.168194,0.183549,-7.12734,-37.4506,30.3232,0.170581,0.13664,0.164656,0.176874,NaN
cheetah,45.5,transverse,10,32.7457,0.719686,Solve_Succeeded,SOLVER_RET_UNKNOWN,1,17,72.3191,23.6804,48.6387,0.352742,3.52742,10,8,7,0.168297,0.184444,-7.19622,-38.3308,31.1346,0.170097,0.135937,0.16453,0.176644,NaN
cheetah,45.5,transverse,10,37.7032,0.828642,Solve_Succeeded,SOLVER_RET_UNKNOWN,1,29,72.3155,23.6643,48.6512,0.353262,3.53262,10,8,7,0.168559,0.184704,-7.06788,-38.6828,31.6149,0.169847,0.135932,0.16452,0.176696,NaN
cheetah,45.5,transverse,10,43.4113,0.954095,Solve_Succeeded,SOLVER_RET_UNKNOWN,1,15,72.3029,23.6816,48.6213,0.353261,3.53261,10,8,7,0.168408,0.184853,-7.25507,-39.1915,31.9365,0.169848,0.135561,0.164653,0.176509,NaN
cheetah,45.5,transverse,10,49.9836,1.09854,Solve_Succeeded,SOLVER_RET_UNKNOWN,1,45,72.2921,23.6753,48.6168,0.353556,3.53556,10,8,7,0.168604,0.184952,-7.25493,-39.3642,32.1092,0.16971,0.135664,0.164617,0.176596,NaN
cheetah,45.5,transverse,10,57.5509,1.26485,Solve_Succeeded,SOLVER_RET_UNKNOWN,1,34,72.2734,23.6616,48.6117,0.354338,3.54338,10,8,7,0.168762,0.185577,-7.23641,-40.1713,32.9349,0.16933,0.135306,0.164602,0.176365,NaN
cheetah,45.5,transverse,10,66.2639,1.45635,Solve_Succeeded,SOLVER_RET_UNKNOWN,1,24,72.2584,23.6487,48.6097,0.354578,3.54578,10,8,7,0.168802,0.185777,-7.17277,-40.5372,33.3645,0.169215,0.135035,0.164711,0.176317,NaN
cheetah,45.5,transverse,10,76.2959,1.67683,Solve_Succeeded,SOLVER_RET_UNKNOWN,1,24,72.2557,23.6342,48.6215,0.354532,3.54532,10,8,7,0.168892,0.185639,-7.06662,-40.5166,33.45,0.16932,0.13498,0.164878,0.176446,NaN
cheetah,45.5,transverse,10,87.8467,1.9307,Solve_Succeeded,SOLVER_RET_UNKNOWN,1,27,72.256,23.6092,48.6467,0.354773,3.54773,10,8,7,0.169044,0.185729,-6.97835,-40.7348,33.7564,0.16916,0.134678,0.165199,0.176571,NaN
cheetah,45.5,transverse,10,101.146,2.223,Solve_Succeeded,SOLVER_RET_UNKNOWN,1,22,72.2347,23.6267,48.6079,0.354705,3.54705,10,8,7,0.168816,0.185889,-6.86102,-40.9477,34.0867,0.169171,0.134412,0.16499,0.17652,NaN
cheetah,45.5,transverse,10,116.459,2.55955,Solve_Succeeded,SOLVER_RET_UNKNOWN,1,26,72.2352,23.632,48.6032,0.354347,3.54347,10,8,7,0.16863,0.185717,-6.75045,-40.7902,34.0398,0.169326,0.134052,0.165138,0.1767,NaN
cheetah,45.5,transverse,10,134.091,2.94705,Solve_Succeeded,SOLVER_RET_UNKNOWN,1,27,72.2473,23.6947,48.5526,0.351921,3.51921,10,8,7,0.168656,0.183265,-6.08073,-41.0125,34.9318,0.170511,0.13539,0.166019,0.177822,NaN
cheetah,45.5,transverse,10,154.392,3.39322,Solve_Succeeded,SOLVER_RET_UNKNOWN,1,30,72.2478,23.7338,48.514,0.350776,3.50776,10,8,7,0.16865,0.182125,-5.52836,-40.5303,35.0019,0.171049,0.135969,0.166375,0.178449,NaN
cheetah,45.5,transverse,10,177.766,3.90694,Solve_Succeeded,SOLVER_RET_UNKNOWN,1,30,72.1689,23.9644,48.2046,0.345314,3.45314,10,8,7,0.168673,0.176641,-2.32206,-41.1126,38.7905,0.173769,0.139451,0.1683,0.1807,NaN
cheetah,45.5,transverse,10,204.679,4.49843,Solve_Succeeded,SOLVER_RET_UNKNOWN,1,34,72.1041,24.1293,47.9747,0.341856,3.41856,10,8,7,0.168742,0.173114,0.842047,-39.9631,40.8052,0.175704,0.14197,0.169157,0.182291,NaN
cheetah,45.5,transverse,10,235.666,5.17947,Solve_Succeeded,SOLVER_RET_UNKNOWN,1,89,72.1783,24.2876,47.8907,0.339254,3.39254,10,8,7,0.170395,0.168859,5.10074,-36.1022,41.2029,0.179623,0.147778,0.168205,0.183517,NaN
cheetah,45.5,transverse,10,271.345,5.96362,Solve_Succeeded,SOLVER_RET_UNKNOWN,1,47,71.759,24.6324,47.1267,0.332162,3.32162,10,8,7,0.167439,0.164723,7.29975,-36.9618,44.2616,0.180638,0.147711,0.171114,0.18526,NaN
cheetah,45.5,transverse,10,312.425,6.86649,Solve_Succeeded,SOLVER_RET_UNKNOWN,1,49,71.5975,24.7616,46.8358,0.329441,3.29441,10,8,7,0.167511,0.16193,9.65301,-34.4198,44.0728,0.182127,0.149922,0.171609,0.186939,NaN
cheetah,45.5,transverse,10,359.725,7.90604,Solve_Succeeded,SOLVER_RET_UNKNOWN,1,49,71.4264,24.8362,46.5902,0.327138,3.27138,10,8,7,0.167719,0.15942,10.911,-32.3165,43.2276,0.184478,0.151751,0.171702,0.188162,NaN
cheetah,45.5,transverse,10,414.186,9.10298,Solve_Succeeded,SOLVER_RET_UNKNOWN,1,35,71.1154,25.2485,45.8669,0.321331,3.21331,10,8,7,0.165915,0.155416,12.8653,-28.6629,41.5282,0.186728,0.15429,0.172766,0.189276,NaN
cheetah,45.5,transverse,10,476.892,10.4811,Solve_Succeeded,SOLVER_RET_UNKNOWN,1,35,70.8771,25.4295,45.4477,0.318505,3.18505,10,8,7,0.165345,0.153161,13.7305,-25.7405,39.471,0.188382,0.155654,0.173182,0.19029,NaN
cheetah,45.5,transverse,10,549.091,12.0679,Solve_Succeeded,SOLVER_RET_UNKNOWN,1,43,70.6354,25.6036,45.0318,0.316204,3.16204,10,8,7,0.164676,0.151528,14.1742,-22.7892,36.9634,0.189751,0.156591,0.17333,0.190869,NaN
cheetah,45.5,transverse,10,632.22,13.895,Solve_Succeeded,SOLVER_RET_UNKNOWN,1,25,70.3971,25.752,44.6451,0.314112,3.14112,10,8,7,0.164133,0.149979,14.288,-20.4467,34.7346,0.191015,0.157127,0.173552,0.191851,NaN
cheetah,45.5,transverse,10,727.936,15.9986,Solve_Succeeded,SOLVER_RET_UNKNOWN,1,58,70.1632,25.8864,44.2768,0.312977,3.12977,10,8,7,0.163573,0.149405,14.1457,-18.1909,32.3367,0.191712,0.157192,0.173586,0.191853,NaN
cheetah,45.5,transverse,10,838.142,18.4207,Solve_Succeeded,SOLVER_RET_UNKNOWN,1,33,69.935,26.0072,43.9277,0.311955,3.11955,10,8,7,0.163013,0.148942,13.8042,-16.2111,30.0153,0.192336,0.156982,0.173223,0.192348,NaN
cheetah,45.5,transverse,10,965.033,21.2095,Solve_Succeeded,SOLVER_RET_UNKNOWN,1,23,69.7304,26.1346,43.5958,0.309921,3.09921,10,8,7,0.162516,0.147406,13.3511,-14.5807,27.9318,0.193606,0.157585,0.173119,0.193667,NaN
cheetah,45.5,transverse,10,1111.13,24.4205,Solve_Succeeded,SOLVER_RET_UNKNOWN,1,24,69.5597,26.2371,43.3226,0.308213,3.08213,10,8,7,0.161854,0.146358,12.6893,-13.0957,25.7849,0.194673,0.158035,0.172303,0.194799,NaN
cheetah,45.5,transverse,10,1279.35,28.1177,Solve_Succeeded,SOLVER_RET_UNKNOWN,1,28,69.3667,26.2519,43.1148,0.305883,3.05883,10,8,7,0.159474,0.146409,12.1059,-11.4073,23.5132,0.196154,0.158986,0.166217,0.196154,NaN
cheetah,45.5,transverse,10,1473.04,32.3746,Solve_Succeeded,SOLVER_RET_UNKNOWN,1,33,69.1857,26.2552,42.9304,0.30443,3.0443,10,8,7,0.157462,0.146968,11.3233,-10.1072,21.4305,0.197125,0.159123,0.1609,0.197195,NaN
cheetah,45.5,transverse,10,1696.06,37.2759,Solve_Succeeded,SOLVER_RET_UNKNOWN,1,34,69.0589,26.3872,42.6717,0.303999,3.03999,10,8,7,0.157225,0.146774,10.4824,-8.98072,19.4631,0.197369,0.158878,0.160942,0.19737,NaN
cheetah,45.5,transverse,10,1952.83,42.9193,Solve_Succeeded,SOLVER_RET_UNKNOWN,1,37,68.972,26.5194,42.4526,0.30374,3.0374,10,8,7,0.15706,0.14668,9.69828,-7.9479,17.6462,0.197538,0.158688,0.160861,0.197539,NaN
cheetah,45.5,transverse,10,2248.48,49.4171,Solve_Succeeded,SOLVER_RET_UNKNOWN,1,17,68.9289,26.6414,42.2874,0.303244,3.03244,10,8,7,0.15687,0.146374,8.84041,-7.01782,15.8582,0.197877,0.15852,0.160881,0.197897,NaN
cheetah,45.5,transverse,10,2588.89,56.8987,Solve_Succeeded,SOLVER_RET_UNKNOWN,1,27,68.9077,26.7597,42.1481,0.303024,3.03024,10,8,7,0.156736,0.146288,8.04324,-6.1419,14.1851,0.198005,0.158443,0.160791,0.198006,NaN
cheetah,45.5,transverse,10,2980.83,65.5129,Solve_Succeeded,SOLVER_RET_UNKNOWN,1,24,68.9223,26.9048,42.0175,0.302553,3.02553,10,8,7,0.156666,0.145887,7.25083,-5.34394,12.5948,0.198312,0.158415,0.161085,0.198313,NaN
cheetah,45.5,transverse,10,3432.12,75.4312,Solve_Succeeded,SOLVER_RET_UNKNOWN,1,23,68.958,27.0463,41.9117,0.302266,3.02266,10,8,7,0.15667,0.145596,6.48988,-4.63463,11.1245,0.1985,0.158407,0.161411,0.1985,NaN
cheetah,45.5,transverse,10,3951.73,86.8511,Solve_Succeeded,SOLVER_RET_UNKNOWN,1,20,69.0086,27.1843,41.8242,0.302126,3.02126,10,8,7,0.156724,0.145402,5.798,-3.97913,9.77712,0.198594,0.158423,0.161719,0.198595,NaN
cheetah,45.5,transverse,10,4550,100,Solve_Succeeded,SOLVER_RET_UNKNOWN,1,18,69.0713,27.3271,41.7442,0.301893,3.01893,10,8,7,0.156793,0.1451,5.14576,-3.41413,8.5599,0.198752,0.158555,0.162046,0.198762,NaN
cheetah,45.5,transverse,12,4.55,0.1,Solve_Succeeded,SOLVER_RET_UNKNOWN,1,71,87.2258,36.7095,50.5163,0.4,4.8,12,8,7,0.142474,0.257526,-1.1605,-45,43.8395,0.124853,0.100577,0.108317,0.134938,NaN
cheetah,45.5,transverse,12,5.2388,0.115138,Solve_Succeeded,SOLVER_RET_UNKNOWN,1,29,87.2269,36.6555,50.5715,0.4,4.8,12,8,7,0.142716,0.257284,-1.10168,-45,43.8983,0.124744,0.100669,0.108862,0.135015,NaN
cheetah,45.5,transverse,12,6.032,0.132571,Solve_Succeeded,SOLVER_RET_UNKNOWN,1,31,87.2131,36.6273,50.5858,0.4,4.8,12,8,7,0.142177,0.257823,-1.21534,-45,43.7846,0.123915,0.100302,0.108358,0.135368,NaN
cheetah,45.5,transverse,12,6.9452,0.152642,Solve_Succeeded,SOLVER_RET_UNKNOWN,1,32,87.218,36.6178,50.6001,0.4,4.8,12,8,7,0.142457,0.257543,-1.10985,-45,43.8901,0.123845,0.10045,0.108933,0.135414,NaN
cheetah,45.5,transverse,12,7.9967,0.175752,Solve_Succeeded,SOLVER_RET_UNKNOWN,1,25,87.2171,36.5996,50.6174,0.399999,4.79999,12,8,7,0.142305,0.257694,-1.17797,-44.9998,43.8219,0.123684,0.100338,0.108744,0.135501,NaN
cheetah,45.5,transverse,12,9.2073,0.202358,Solve_Succeeded,SOLVER_RET_UNKNOWN,1,29,87.2143,36.5921,50.6222,0.4,4.8,12,8,7,0.14213,0.25787,-1.20142,-45,43.7985,0.123471,0.10028,0.108508,0.135567,NaN
cheetah,45.5,transverse,12,10.6013,0.232996,Solve_Succeeded,SOLVER_RET_UNKNOWN,1,24,87.2169,36.5927,50.6242,0.4,4.8,12,8,7,0.142242,0.257757,-1.1204,-44.9999,43.8795,0.123489,0.10035,0.108764,0.135504,NaN
cheetah,45.5,transverse,12,12.2063,0.26827,Solve_Succeeded,SOLVER_RET_UNKNOWN,1,34,87.2115,36.577,50.6345,0.4,4.8,12,8,7,0.141972,0.258027,-1.19116,-44.9999,43.8088,0.123141,0.100246,0.10836,0.135687,NaN
cheetah,45.5,transverse,12,14.0542,0.308884,Solve_Succeeded,SOLVER_RET_UNKNOWN,1,33,87.2068,36.5725,50.6343,0.4,4.8,12,8,7,0.14196,0.25804,-1.20033,-45,43.7997,0.123067,0.100247,0.108349,0.135735,NaN
cheetah,45.5,transverse,12,16.182,0.355648,Solve_Succeeded,SOLVER_RET_UNKNOWN,1,36,87.2026,36.5679,50.6347,0.4,4.8,12,8,7,0.141959,0.258041,-1.18452,-44.9999,43.8154,0.122902,0.100224,0.108443,0.13583,NaN
cheetah,45.5,transverse,12,18.6319,0.409492,Solve_Succeeded,SOLVER_RET_UNKNOWN,1,24,87.1937,36.5755,50.6182,0.4,4.8,12,8,7,0.141998,0.258002,-1.19517,-45,43.8048,0.122826,0.100259,0.108602,0.135808,NaN
cheetah,45.5,transverse,12,21.4526,0.471486,Solve_Succeeded,SOLVER_RET_UNKNOWN,1,24,87.1892,36.5866,50.6027,0.399999,4.79998,12,8,7,0.142038,0.257961,-1.16368,-44.9996,43.8359,0.12272,0.100293,0.108809,0.135782,NaN
cheetah,45.5,transverse,12,24.7005,0.542868,Solve_Succeeded,SOLVER_RET_UNKNOWN,1,30,87.172,36.5981,50.574,0.399999,4.79999,12,8,7,0.142027,0.257972,-1.15145,-44.9998,43.8484,0.122434,0.100247,0.109053,0.135838,NaN
cheetah,45.5,transverse,12,28.44,0.625055,Solve_Succeeded,SOLVER_RET_UNKNOWN,1,22,87.1537,36.6155,50.5381,0.4,4.8,12,8,7,0.142108,0.257892,-1.12324,-44.9999,43.8767,0.122291,0.10032,0.109294,0.135867,NaN
cheetah,45.5,transverse,12,32.7457,0.719686,Solve_Succeeded,SOLVER_RET_UNKNOWN,1,22,87.1383,36.6392,50.4991,0.4,4.8,12,8,7,0.142218,0.257782,-0.947726,-45,44.0523,0.122319,0.100485,0.109649,0.135592,NaN
cheetah,45.5,transverse,12,37.7032,0.828642,Solve_Succeeded,SOLVER_RET_UNKNOWN,1,26,87.1061,36.6471,50.459,0.4,4.8,12,8,7,0.142291,0.257709,-1.05575,-45,43.9442,0.122111,0.100436,0.109861,0.13582,NaN
cheetah,45.5,transverse,12,43.4113,0.954095,Solve_Succeeded,SOLVER_RET_UNKNOWN,1,19,87.0803,36.6692,50.4111,0.4,4.8,12,8,7,0.142305,0.257695,-0.960704,-45,44.0393,0.122067,0.100438,0.110089,0.13567,NaN
cheetah,45.5,transverse,12,49.9836,1.09854,Solve_Succeeded,SOLVER_RET_UNKNOWN,1,60,86.8936,37.0506,49.843,0.4,4.8,12,8,7,0.145069,0.254931,-0.911995,-45,44.088,0.120415,0.101342,0.11784,0.135576,NaN
cheetah,45.5,transverse,12,57.5509,1.26485,Solve_Succeeded,SOLVER_RET_UNKNOWN,1,31,86.849,37.0487,49.8002,0.4,4.8,12,8,7,0.144945,0.255055,-0.821306,-45,44.1787,0.120107,0.101333,0.117843,0.135579,NaN
cheetah,45.5,transverse,12,66.2639,1.45635,Solve_Succeeded,SOLVER_RET_UNKNOWN,1,31,86.8002,37.0572,49.743,0.4,4.8,12,8,7,0.144833,0.255167,-0.661628,-45,44.3384,0.119779,0.101393,0.117832,0.135577,NaN
cheetah,45.5,transverse,12,76.2959,1.67683,Solve_Succeeded,SOLVER_RET_UNKNOWN,1,24,86.7525,37.0575,49.695,0.399999,4.79999,12,8,7,0.144816,0.255183,-0.507527,-44.9998,44.4923,0.119675,0.101485,0.117816,0.135571,NaN
cheetah,45.5,transverse,12,87.8467,1.9307,Solve_Succeeded,SOLVER_RET_UNKNOWN,1,28,86.6986,37.0491,49.6495,0.4,4.79999,12,8,7,0.144824,0.255176,-0.271191,-44.9999,44.7287,0.119545,0.101653,0.117815,0.135549,NaN
cheetah,45.5,transverse,12,101.146,2.223,Solve_Succeeded,SOLVER_RET_UNKNOWN,1,20,86.6473,37.045,49.6023,0.4,4.8,12,8,7,0.144811,0.255188,-0.103046,-45,44.8969,0.119531,0.10168,0.117793,0.135526,NaN
cheetah,45.5,transverse,12,116.459,2.55955,Solve_Succeeded,SOLVER_RET_UNKNOWN,1,29,86.6062,37.0484,49.5578,0.399999,4.79999,12,8,7,0.144725,0.255275,0.231696,-44.9999,45.2316,0.119168,0.101944,0.117704,0.1355,NaN
cheetah,45.5,transverse,12,134.091,2.94705,Solve_Succeeded,SOLVER_RET_UNKNOWN,1,40,86.4391,37.5516,48.8875,0.4,4.8,12,8,7,0.14165,0.25835,3.6839,-45,48.6839,0.119751,0.0983749,0.114301,0.1342,NaN
cheetah,45.5,transverse,12,154.392,3.39322,Solve_Succeeded,SOLVER_RET_UNKNOWN,1,68,85.8003,37.7714,48.0289,0.4,4.8,12,8,7,0.12981,0.27019,6.59607,-44.9999,51.596,0.112501,0.0750025,0.11782,0.131704,NaN
cheetah,45.5,transverse,12,177.766,3.90694,Solve_Succeeded,SOLVER_RET_UNKNOWN,1,19,85.7697,37.671,48.0987,0.4,4.8,12,8,7,0.129428,0.270572,7.34415,-45,52.3441,0.1125,0.0750008,0.117343,0.131227,NaN
cheetah,45.5,transverse,12,204.679,4.49843,Solve_Succeeded,SOLVER_RET_UNKNOWN,1,44,85.545,37.5884,47.9566,0.4,4.8,12,8,7,0.124862,0.275138,9.25989,-45,54.2599,0.1125,0.0750003,0.107515,0.129641,NaN
cheetah,45.5,transverse,12,235.666,5.17947,Solve_Succeeded,SOLVER_RET_UNKNOWN,1,7,87.9078,37.7728,50.135,0.39769,4.77228,12,8,7,0.125639,0.272051,10.4203,-43.8744,54.2947,0.114631,0.0774997,0.107688,0.129732,NaN
cheetah,45.5,transverse,12,271.345,5.96362,Solve_Succeeded,SOLVER_RET_UNKNOWN,1,24,85.7652,37.4766,48.2886,0.399999,4.79999,12,8,7,0.124746,0.275254,9.93837,-44.9997,54.938,0.112504,0.0750069,0.107612,0.129248,NaN
cheetah,45.5,transverse,12,312.425,6.86649,Solve_Succeeded,SOLVER_RET_UNKNOWN,1,57,86.0486,37.4653,48.5834,0.4,4.8,12,8,7,0.124564,0.275436,10.8272,-45,55.8272,0.1125,0.075,0.107414,0.128995,NaN
cheetah,45.5,transverse,12,359.725,7.90604,Solve_Succeeded,SOLVER_RET_UNKNOWN,1,30,86.501,37.6951,48.8059,0.4,4.8,12,8,7,0.12375,0.27625,11.7004,-45,56.7004,0.1125,0.0750001,0.106786,0.127588,NaN
cheetah,45.5,transverse,12,414.186,9.10298,Solve_Succeeded,SOLVER_RET_UNKNOWN,1,73,87.2741,37.7544,49.5197,0.4,4.8,12,8,7,0.123609,0.276391,12.1398,-45,57.1398,0.112501,0.0750003,0.106859,0.127163,NaN
cheetah,45.5,transverse,12,476.892,10.4811,Solve_Succeeded,SOLVER_RET_UNKNOWN,1,15,88.0037,37.726,50.2777,0.399992,4.7999,12,8,7,0.123633,0.276359,12.542,-39.3967,51.9387,0.112542,0.0750457,0.106163,0.127888,NaN
cheetah,45.5,transverse,12,549.091,12.0679,Solve_Succeeded,SOLVER_RET_UNKNOWN,1,37,86.5292,37.1938,49.3354,0.4,4.8,12,8,7,0.123287,0.276713,12.3388,-32.1542,44.493,0.112501,0.0750006,0.107634,0.125584,NaN
cheetah,45.5,transverse,12,632.22,13.895,Solve_Succeeded,SOLVER_RET_UNKNOWN,1,51,86.348,37.6226,48.7254,0.4,4.8,12,8,7,0.122017,0.277982,13.153,-29.6338,42.7868,0.112501,0.0750013,0.106118,0.123925,NaN
cheetah,45.5,transverse,12,727.936,15.9986,Solve_Succeeded,SOLVER_RET_UNKNOWN,1,49,86.1306,37.5549,48.5757,0.4,4.8,12,8,7,0.11925,0.28075,13.8387,-27.5459,41.3847,0.1125,0.0750001,0.0996281,0.123498,NaN
cheetah,45.5,transverse,12,838.142,18.4207,Solve_Succeeded,SOLVER_RET_UNKNOWN,1,26,85.9512,37.5803,48.3709,0.399999,4.79999,12,8,7,0.118818,0.281182,14.0815,-26.2428,40.3243,0.112507,0.075008,0.0986722,0.123397,NaN
cheetah,45.5,transverse,12,965.033,21.2095,Solve_Succeeded,SOLVER_RET_UNKNOWN,1,29,85.8351,37.6919,48.1432,0.4,4.8,12,8,7,0.118207,0.281793,14.1022,-24.468,38.5702,0.1125,0.0750004,0.0975857,0.123134,NaN
cheetah,45.5,transverse,12,1111.13,24.4205,Solve_Succeeded,SOLVER_RET_UNKNOWN,1,33,85.6309,37.7394,47.8915,0.399999,4.79999,12,8,7,0.115119,0.28488,14.7186,-21.8007,36.5192,0.112507,0.0750065,0.0969951,0.12242,NaN
cheetah,45.5,transverse,12,1279.35,28.1177,Solve_Succeeded,SOLVER_RET_UNKNOWN,1,37,85.2678,37.8607,47.4071,0.4,4.8,12,8,7,0.113937,0.286063,14.6048,-19.4868,34.0915,0.112501,0.0750004,0.0968587,0.12021,NaN
cheetah,45.5,transverse,12,1473.04,32.3746,Solve_Succeeded,SOLVER_RET_UNKNOWN,1,43,85.3169,37.9407,47.3762,0.4,4.8,12,8,7,0.11374,0.28626,13.8905,-17.8079,31.6985,0.112505,0.0750046,0.095363,0.12061,NaN
cheetah,45.5,transverse,12,1696.06,37.2759,Solve_Succeeded,SOLVER_RET_UNKNOWN,1,34,85.2493,38.0944,47.155,0.4,4.8,12,8,7,0.112829,0.287171,13.4004,-15.7117,29.1121,0.112503,0.0750032,0.0945145,0.120454,NaN
cheetah,45.5,transverse,12,1952.83,42.9193,Solve_Succeeded,SOLVER_RET_UNKNOWN,1,19,85.3171,38.1451,47.172,0.4,4.8,12,8,7,0.112434,0.287566,12.6087,-14.1215,26.7302,0.112677,0.0750006,0.0928587,0.120673,NaN
cheetah,45.5,transverse,12,2248.48,49.4171,Solve_Succeeded,SOLVER_RET_UNKNOWN,1,24,85.2538,38.2403,47.0134,0.4,4.8,12,8,7,0.111637,0.288363,12.0341,-12.5125,24.5466,0.112611,0.0750485,0.091179,0.120843,NaN
cheetah,45.5,transverse,12,2588.89,56.8987,Solve_Succeeded,SOLVER_RET_UNKNOWN,1,53,84.2324,39.3498,44.8825,0.4,4.8,12,8,7,0.109357,0.290643,11.7175,-10.9676,22.685,0.1125,0.0750001,0.0858929,0.123243,NaN
cheetah,45.5,transverse,12,2980.83,65.5129,Solve_Succeeded,SOLVER_RET_UNKNOWN,1,19,84.4612,39.7116,44.7496,0.4,4.8,12,8,7,0.109081,0.290919,10.6973,-9.73641,20.4337,0.112506,0.0750025,0.0851922,0.122678,NaN
cheetah,45.5,transverse,12,3432.12,75.4312,Solve_Succeeded,SOLVER_RET_UNKNOWN,1,24,84.8089,40.0705,44.7384,0.4,4.8,12,8,7,0.108906,0.291094,9.69855,-8.57476,18.2733,0.112565,0.0750216,0.0846611,0.122085,NaN
cheetah,45.5,transverse,12,3951.73,86.8511,Solve_Succeeded,SOLVER_RET_UNKNOWN,1,24,85.2118,40.5595,44.6523,0.4,4.8,12,8,7,0.108629,0.291371,8.72412,-7.55786,16.282,0.112501,0.0750003,0.0840715,0.121571,NaN
cheetah,45.5,transverse,12,4550,100,Solve_Succeeded,SOLVER_RET_UNKNOWN,1,25,85.705,41.0624,44.6426,0.4,4.8,12,8,7,0.108431,0.291569,7.78694,-6.60907,14.396,0.1125,0.075,0.0835764,0.121076,NaN
cheetah,45.5,transverse,15,4.55,0.1,Solve_Succeeded,SOLVER_RET_UNKNOWN,1,147,122.834,65.5715,57.2627,0.4,6,15,8,7,0.118627,0.281373,4.87743,-45,49.8774,0.114216,0.0932375,0.0891129,0.1125,NaN
cheetah,45.5,transverse,15,5.2388,0.115138,Solve_Succeeded,SOLVER_RET_UNKNOWN,1,14,122.877,65.6536,57.2231,0.4,6,15,8,7,0.118531,0.281468,4.90579,-44.9999,49.9057,0.114315,0.093092,0.0888244,0.112601,NaN
cheetah,45.5,transverse,15,6.032,0.132571,Solve_Succeeded,SOLVER_RET_UNKNOWN,1,18,123.232,65.7583,57.4737,0.4,6,15,8,7,0.118562,0.281438,5.3042,-45,50.3042,0.114264,0.0933559,0.0885591,0.112781,NaN
cheetah,45.5,transverse,15,6.9452,0.152642,Solve_Succeeded,SOLVER_RET_UNKNOWN,1,18,122.91,65.7018,57.2085,0.4,6,15,8,7,0.118453,0.281547,4.86086,-44.9999,49.8607,0.114563,0.0932422,0.0881472,0.112691,NaN
cheetah,45.5,transverse,15,7.9967,0.175752,Solve_Succeeded,SOLVER_RET_UNKNOWN,1,12,122.954,65.781,57.1735,0.4,6,15,8,7,0.118346,0.281654,4.92315,-45,49.9231,0.114573,0.0931235,0.0879685,0.112723,NaN
cheetah,45.5,transverse,15,9.2073,0.202358,Solve_Succeeded,SOLVER_RET_UNKNOWN,1,22,122.84,65.7456,57.0945,0.4,6,15,8,7,0.118133,0.281867,4.96323,-44.9999,49.9632,0.114484,0.0932328,0.087611,0.112505,NaN
cheetah,45.5,transverse,15,10.6013,0.232996,Solve_Succeeded,SOLVER_RET_UNKNOWN,1,28,122.826,65.6792,57.1466,0.4,6,15,8,7,0.117712,0.282288,5.18146,-44.9999,50.1813,0.114084,0.093486,0.086685,0.112528,NaN
cheetah,45.5,transverse,15,12.2063,0.26827,Solve_Succeeded,SOLVER_RET_UNKNOWN,1,22,122.813,65.7061,57.107,0.4,6,15,8,7,0.117487,0.282513,5.18564,-44.9999,50.1855,0.114104,0.0933696,0.0862161,0.11253,NaN
cheetah,45.5,transverse,15,14.0542,0.308884,Solve_Succeeded,SOLVER_RET_UNKNOWN,1,23,122.797,65.7075,57.0899,0.4,6,15,8,7,0.117329,0.282671,5.22801,-44.9999,50.2279,0.114079,0.0932726,0.0859665,0.112505,NaN
cheetah,45.5,transverse,15,16.182,0.355648,Solve_Succeeded,SOLVER_RET_UNKNOWN,1,48,122.778,65.7529,57.025,0.4,6,15,8,7,0.116502,0.283498,5.4052,-44.9997,50.4049,0.113778,0.0931611,0.0842904,0.112531,NaN
cheetah,45.5,transverse,15,18.6319,0.409492,Solve_Succeeded,SOLVER_RET_UNKNOWN,1,32,122.741,65.7426,56.9982,0.4,6,15,8,7,0.11642,0.28358,5.39765,-44.9997,50.3973,0.113653,0.0929608,0.084429,0.112511,NaN
cheetah,45.5,transverse,15,21.4526,0.471486,Solve_Succeeded,SOLVER_RET_UNKNOWN,1,27,122.717,65.7574,56.9595,0.4,6,15,8,7,0.116351,0.283649,5.45028,-44.9999,50.4502,0.113594,0.0928718,0.0844047,0.112509,NaN
cheetah,45.5,transverse,15,24.7005,0.542868,Solve_Succeeded,SOLVER_RET_UNKNOWN,1,37,122.684,65.8113,56.8725,0.4,6,15,8,7,0.116014,0.283986,5.59188,-45,50.5919,0.113393,0.0922744,0.084369,0.1125,NaN
cheetah,45.5,transverse,15,28.44,0.625055,Solve_Succeeded,SOLVER_RET_UNKNOWN,1,37,122.671,65.8121,56.8585,0.4,6,15,8,7,0.116168,0.283831,5.58415,-44.9997,50.5839,0.113473,0.0925724,0.0843305,0.11255,NaN
cheetah,45.5,transverse,15,32.7457,0.719686,Solve_Succeeded,SOLVER_RET_UNKNOWN,1,23,122.64,65.8214,56.8183,0.4,6,15,8,7,0.116154,0.283846,5.64834,-45,50.6483,0.113455,0.0925308,0.084362,0.11254,NaN
cheetah,45.5,transverse,15,37.7032,0.828642,Solve_Succeeded,SOLVER_RET_UNKNOWN,1,17,122.578,65.8721,56.7056,0.4,6,15,8,7,0.11603,0.28397,5.83124,-44.9999,50.8312,0.113291,0.0923916,0.0843889,0.112504,NaN
cheetah,45.5,transverse,15,43.4113,0.954095,Solve_Succeeded,SOLVER_RET_UNKNOWN,1,16,122.575,65.9512,56.624,0.4,6,15,8,7,0.115982,0.284018,5.79666,-44.9999,50.7966,0.113168,0.0923147,0.0843143,0.11266,NaN
cheetah,45.5,transverse,15,49.9836,1.09854,Solve_Succeeded,SOLVER_RET_UNKNOWN,1,41,122.454,65.9663,56.4873,0.4,6,15,8,7,0.115852,0.284148,6.10958,-44.9999,51.1095,0.112971,0.0923196,0.0843387,0.112503,NaN
cheetah,45.5,transverse,15,57.5509,1.26485,Solve_Succeeded,SOLVER_RET_UNKNOWN,1,43,122.476,65.8493,56.6264,0.4,6,15,8,7,0.116299,0.283701,6.06432,-44.9999,51.0643,0.113263,0.0924728,0.0844897,0.113024,NaN
cheetah,45.5,transverse,15,66.2639,1.45635,Solve_Succeeded,SOLVER_RET_UNKNOWN,1,34,122.284,66.0401,56.2438,0.4,6,15,8,7,0.115613,0.284387,6.56735,-45,51.5673,0.112501,0.0922079,0.0843225,0.1125,NaN
cheetah,45.5,transverse,15,76.2959,1.67683,Solve_Succeeded,SOLVER_RET_UNKNOWN,1,13,122.348,66.1836,56.164,0.4,6,15,8,7,0.115732,0.284268,6.54755,-44.9999,51.5475,0.112787,0.0918083,0.0846544,0.112611,NaN
cheetah,45.5,transverse,15,87.8467,1.9307,Solve_Succeeded,SOLVER_RET_UNKNOWN,1,23,122.087,66.1953,55.8922,0.4,6,15,8,7,0.11549,0.28451,6.98034,-45,51.9803,0.112538,0.0917974,0.0843896,0.1125,NaN
cheetah,45.5,transverse,15,101.146,2.223,Solve_Succeeded,SOLVER_RET_UNKNOWN,1,23,122.089,66.2155,55.873,0.4,6,15,8,7,0.115613,0.284386,6.94167,-44.9999,51.9416,0.112796,0.0918136,0.0842285,0.112698,NaN
cheetah,45.5,transverse,15,116.459,2.55955,Solve_Succeeded,SOLVER_RET_UNKNOWN,1,27,122.029,66.1845,55.8443,0.4,6,15,8,7,0.115844,0.284156,7.01848,-44.9999,52.0184,0.112962,0.0918602,0.0843347,0.112955,NaN
cheetah,45.5,transverse,15,134.091,2.94705,Solve_Succeeded,SOLVER_RET_UNKNOWN,1,32,121.831,66.1292,55.702,0.4,6,15,8,7,0.115795,0.284204,7.24322,-44.9998,52.243,0.112863,0.0919208,0.0843527,0.112856,NaN
cheetah,45.5,transverse,15,154.392,3.39322,Solve_Succeeded,SOLVER_RET_UNKNOWN,1,50,121.527,66.1309,55.3964,0.4,6,15,8,7,0.115302,0.284698,8.41648,-45,53.4165,0.1125,0.0914524,0.0843023,0.1125,NaN
cheetah,45.5,transverse,15,177.766,3.90694,Solve_Succeeded,SOLVER_RET_UNKNOWN,1,34,121.431,66.0485,55.3829,0.4,6,15,8,7,0.115447,0.284553,8.45218,-44.9997,53.4519,0.112534,0.0915939,0.0844643,0.112528,NaN
cheetah,45.5,transverse,15,204.679,4.49843,Solve_Succeeded,SOLVER_RET_UNKNOWN,1,40,121.291,66.0345,55.2567,0.4,6,15,8,7,0.115287,0.284713,9.08818,-44.9997,54.0879,0.112516,0.0914075,0.0842919,0.112507,NaN
cheetah,45.5,transverse,15,235.666,5.17947,Solve_Succeeded,SOLVER_RET_UNKNOWN,1,76,121.193,65.9559,55.2374,0.4,6,15,8,7,0.115191,0.284809,9.74702,-44.9999,54.7469,0.112503,0.0911734,0.0843003,0.112503,NaN
cheetah,45.5,transverse,15,271.345,5.96362,Solve_Succeeded,SOLVER_RET_UNKNOWN,1,202,124.079,67.7858,56.2932,0.4,6,15,8,7,0.117021,0.282979,9.61119,-44.9997,54.6109,0.112561,0.0988626,0.078522,0.115113,NaN
cheetah,45.5,transverse,15,312.425,6.86649,Solve_Succeeded,SOLVER_RET_UNKNOWN,1,60,122.178,66.6535,55.5242,0.4,6,15,8,7,0.115359,0.284641,10.6857,-44.9999,55.6856,0.112504,0.096733,0.0783625,0.1133,NaN
cheetah,45.5,transverse,15,359.725,7.90604,Solve_Succeeded,SOLVER_RET_UNKNOWN,1,39,121.437,65.2758,56.1612,0.4,6,15,8,7,0.113104,0.286896,11.6237,-45,56.6237,0.1125,0.090832,0.0794278,0.1125,NaN
cheetah,45.5,transverse,15,414.186,9.10298,Solve_Succeeded,SOLVER_RET_UNKNOWN,1,102,121.528,64.4777,57.0501,0.4,6,15,8,7,0.108893,0.291107,12.6984,-44.9999,57.6983,0.1125,0.0750014,0.0847311,0.1125,NaN
cheetah,45.5,transverse,15,476.892,10.4811,Solve_Succeeded,SOLVER_RET_UNKNOWN,1,39,122.309,64.5686,57.74,0.4,6,15,8,7,0.109318,0.290682,12.7137,-44.9999,57.7136,0.1125,0.0757215,0.0850341,0.11254,NaN
cheetah,45.5,transverse,15,549.091,12.0679,Solve_Succeeded,SOLVER_RET_UNKNOWN,1,41,123.036,64.8142,58.2222,0.4,6,15,8,7,0.108451,0.291549,13.977,-37.3486,51.3256,0.1125,0.0750448,0.0835819,0.1125,NaN
cheetah,45.5,transverse,15,632.22,13.895,Solve_Succeeded,SOLVER_RET_UNKNOWN,1,107,119.73,61.5498,58.1798,0.4,6,15,8,7,0.107247,0.292753,23.43,-31.7601,55.1901,0.112526,0.0750309,0.0805389,0.112543,NaN
cheetah,45.5,transverse,15,727.936,15.9986,Solve_Succeeded,SOLVER_RET_UNKNOWN,1,29,118.278,61.2598,57.0179,0.4,6,15,8,7,0.105656,0.294344,22.6606,-30.7389,53.3995,0.112502,0.0750023,0.0764863,0.112651,NaN
cheetah,45.5,transverse,15,838.142,18.4207,Solve_Succeeded,SOLVER_RET_UNKNOWN,1,38,118.09,61.0919,56.9979,0.4,6,15,8,7,0.105021,0.294979,20.2564,-26.155,46.4114,0.1125,0.075,0.0750527,0.1125,NaN
cheetah,45.5,transverse,15,965.033,21.2095,Solve_Succeeded,SOLVER_RET_UNKNOWN,1,50,117.959,61.0762,56.8826,0.4,6,15,8,7,0.105101,0.294899,18.4959,-22.3093,40.8052,0.1125,0.075,0.0752516,0.1125,NaN
cheetah,45.5,transverse,15,1111.13,24.4205,Solve_Succeeded,SOLVER_RET_UNKNOWN,1,43,117.723,61.2147,56.5087,0.4,6,15,8,7,0.105008,0.294992,17.2404,-20.1685,37.4089,0.1125,0.0750002,0.0750182,0.112501,NaN
cheetah,45.5,transverse,15,1279.35,28.1177,Solve_Succeeded,SOLVER_RET_UNKNOWN,1,103,117.333,61.4393,55.8933,0.4,6,15,8,7,0.105,0.295,20.2397,-20.2621,40.5018,0.1125,0.075,0.0750003,0.1125,NaN
cheetah,45.5,transverse,15,1473.04,32.3746,Solve_Succeeded,SOLVER_RET_UNKNOWN,1,58,116.827,61.7964,55.0304,0.4,6,15,8,7,0.105001,0.294999,18.2237,-18.6564,36.8801,0.1125,0.0750004,0.0750019,0.112501,NaN
cheetah,45.5,transverse,15,1696.06,37.2759,Solve_Succeeded,SOLVER_RET_UNKNOWN,1,42,116.816,61.8372,54.9787,0.4,6,15,8,7,0.105008,0.294992,16.3678,-17.1893,33.557,0.112503,0.0750029,0.0750119,0.112506,NaN
cheetah,45.5,transverse,15,1952.83,42.9193,Solve_Succeeded,SOLVER_RET_UNKNOWN,1,42,116.927,61.9402,54.9871,0.4,6,15,8,7,0.105,0.295,14.2609,-15.7431,30.004,0.1125,0.075,0.0750003,0.1125,NaN
cheetah,45.5,transverse,15,2248.48,49.4171,Solve_Succeeded,SOLVER_RET_UNKNOWN,1,41,117.194,62.188,55.006,0.4,6,15,8,7,0.105,0.295,13.348,-14.2371,27.585,0.1125,0.0750001,0.0750003,0.1125,NaN
cheetah,45.5,transverse,15,2588.89,56.8987,Solve_Succeeded,SOLVER_RET_UNKNOWN,1,35,117.65,62.5247,55.1257,0.4,5.99999,15,8,7,0.105014,0.294985,12.3981,-12.743,25.1411,0.112505,0.0750053,0.0750212,0.11251,NaN
cheetah,45.5,transverse,15,2980.83,65.5129,Solve_Succeeded,SOLVER_RET_UNKNOWN,1,49,118.19,62.8934,55.2968,0.4,6,15,8,7,0.105,0.295,11.4301,-11.3314,22.7615,0.1125,0.0749999,0.075,0.1125,NaN
cheetah,45.5,transverse,15,3432.12,75.4312,Solve_Succeeded,SOLVER_RET_UNKNOWN,1,79,118.871,63.2969,55.5737,0.4,6,15,8,7,0.105,0.295,10.8611,-9.41202,20.2731,0.1125,0.075,0.075,0.1125,NaN
cheetah,45.5,transverse,15,3951.73,86.8511,Solve_Succeeded,SOLVER_RET_UNKNOWN,1,119,119.408,63.7452,55.6627,0.4,6,15,8,7,0.105007,0.294993,9.7874,-8.19607,17.9835,0.112501,0.0750008,0.0750151,0.112501,NaN
cheetah,45.5,transverse,15,4550,100,Solve_Succeeded,SOLVER_RET_UNKNOWN,1,72,120.034,64.227,55.8071,0.4,6,15,8,7,0.105015,0.294984,8.72492,-7.15555,15.8805,0.112502,0.0750028,0.0750327,0.112503,NaN
horse,545.18,rotary,8,54.518,0.1,Solve_Succeeded,SOLVER_RET_UNKNOWN,1,31,125.93,0.510723,125.419,0.504057,4.03245,8,8,6,0.313454,0.190603,29.4657,-6.79598,36.2617,0.213212,0.198916,0.209733,0.188398,NaN
horse,545.18,rotary,8,62.7718,0.11514,Solve_Succeeded,SOLVER_RET_UNKNOWN,1,6,126.215,0.510687,125.705,0.503452,4.02761,8,8,6,0.313267,0.190184,29.2341,-7.21283,36.4469,0.213581,0.19906,0.209507,0.188128,NaN
horse,545.18,rotary,8,72.2751,0.132571,Solve_Succeeded,SOLVER_RET_UNKNOWN,1,57,125.67,0.512437,125.158,0.503908,4.03126,8,8,6,0.313309,0.190599,29.6677,-7.3945,37.0622,0.213596,0.198986,0.209176,0.18783,NaN
horse,545.18,rotary,8,83.2173,0.152642,Solve_Succeeded,SOLVER_RET_UNKNOWN,1,13,126.398,0.509048,125.889,0.506206,4.04965,8,8,6,0.317511,0.188695,29.4023,-10.8878,40.2901,0.218432,0.201589,0.20723,0.185399,NaN
horse,545.18,rotary,8,95.816,0.175751,Solve_Succeeded,SOLVER_RET_UNKNOWN,1,33,126.729,0.498989,126.23,0.506349,4.05079,8,8,6,0.318628,0.187722,29.0688,-12.3703,41.4391,0.21901,0.203422,0.206833,0.184433,NaN
horse,545.18,rotary,8,110.322,0.202359,Solve_Succeeded,SOLVER_RET_UNKNOWN,1,7,128.635,0.479942,128.155,0.507357,4.05886,8,8,6,0.322169,0.185188,25.829,-13.939,39.7679,0.221536,0.204916,0.206581,0.185737,NaN
horse,545.18,rotary,8,127.024,0.232995,Solve_Succeeded,SOLVER_RET_UNKNOWN,1,7,128.252,0.480175,127.772,0.507316,4.05853,8,8,6,0.322037,0.185279,25.635,-14.1948,39.8298,0.221339,0.204903,0.206516,0.185728,NaN
horse,545.18,rotary,8,146.255,0.26827,Solve_Succeeded,SOLVER_RET_UNKNOWN,1,14,127.66,0.480518,127.18,0.507461,4.05968,8,8,6,0.321968,0.185492,25.7311,-14.296,40.0271,0.221122,0.204924,0.206344,0.185655,NaN
horse,545.18,rotary,8,168.398,0.308884,Solve_Succeeded,SOLVER_RET_UNKNOWN,1,7,133.233,0.474986,132.758,0.503732,4.02985,8,8,6,0.318983,0.184749,25.5519,-16.1486,41.7005,0.219386,0.209142,0.204011,0.186389,NaN
horse,545.18,rotary,8,193.892,0.355648,Solve_Succeeded,SOLVER_RET_UNKNOWN,1,12,132.849,0.473781,132.376,0.503598,4.02878,8,8,6,0.318774,0.184824,25.3595,-16.3377,41.6972,0.219083,0.209098,0.204048,0.186541,NaN
horse,545.18,rotary,8,223.247,0.409492,Solve_Succeeded,SOLVER_RET_UNKNOWN,1,29,123.4,0.504622,122.896,0.497455,3.97964,8,8,6,0.310532,0.186923,31.9185,-8.21732,40.1359,0.212763,0.203189,0.20829,0.187351,NaN
horse,545.18,rotary,8,257.045,0.471487,Solve_Succeeded,SOLVER_RET_UNKNOWN,1,21,122.961,0.500981,122.46,0.496237,3.9699,8,8,6,0.310027,0.18621,32.431,-8.32711,40.7581,0.212732,0.203829,0.208195,0.18737,NaN
horse,545.18,rotary,8,295.961,0.542867,Solve_Succeeded,SOLVER_RET_UNKNOWN,1,33,122.458,0.494878,121.963,0.493661,3.94929,8,8,6,0.308958,0.184703,33.33,-8.31707,41.6471,0.212512,0.205094,0.208245,0.187307,NaN
horse,545.18,rotary,8,340.768,0.625055,Solve_Succeeded,SOLVER_RET_UNKNOWN,1,25,121.86,0.492492,121.368,0.492099,3.93679,8,8,6,0.307987,0.184112,33.5398,-8.63462,42.1744,0.211441,0.20588,0.208542,0.188144,NaN
horse,545.18,rotary,8,392.358,0.719686,Solve_Succeeded,SOLVER_RET_UNKNOWN,1,20,121.278,0.48928,120.789,0.491771,3.93417,8,8,6,0.307578,0.184193,33.8895,-8.80494,42.6944,0.211556,0.2058,0.208093,0.188265,NaN
horse,545.18,rotary,8,451.76,0.828643,Solve_Succeeded,SOLVER_RET_UNKNOWN,1,20,120.67,0.485185,120.184,0.491344,3.93076,8,8,6,0.307388,0.183957,34.3001,-8.92886,43.229,0.211404,0.206275,0.207925,0.188259,NaN
horse,545.18,rotary,8,520.154,0.954096,Solve_Succeeded,SOLVER_RET_UNKNOWN,1,26,120.016,0.482169,119.534,0.490705,3.92564,8,8,6,0.306875,0.18383,34.5763,-9.13268,43.7089,0.211287,0.206481,0.207609,0.188307,NaN
horse,545.18,rotary,8,598.903,1.09854,Solve_Succeeded,SOLVER_RET_UNKNOWN,1,28,124.737,0.553759,124.183,0.510137,4.0811,8,8,6,0.315565,0.194572,35.2912,-15.4876,50.7788,0.225118,0.202851,0.19062,0.189461,NaN
horse,545.18,rotary,8,689.574,1.26486,Solve_Succeeded,SOLVER_RET_UNKNOWN,1,17,123.572,0.542981,123.029,0.509111,4.07288,8,8,6,0.314762,0.194349,34.5548,-15.716,50.2708,0.223734,0.203307,0.191173,0.189347,NaN
horse,545.18,rotary,8,793.972,1.45635,Solve_Succeeded,SOLVER_RET_UNKNOWN,1,53,118.534,0.486254,118.048,0.495752,3.96601,8,8,6,0.307691,0.188061,34.5224,-14.6182,49.1407,0.215884,0.207444,0.197326,0.187268,NaN
horse,545.18,rotary,8,914.176,1.67683,Solve_Succeeded,SOLVER_RET_UNKNOWN,1,20,117.309,0.471484,116.837,0.491966,3.93573,8,8,6,0.306398,0.185568,34.9834,-13.915,48.8984,0.21453,0.207922,0.200351,0.187126,NaN
horse,545.18,rotary,8,1052.58,1.9307,Solve_Succeeded,SOLVER_RET_UNKNOWN,1,20,116.468,0.466524,116.001,0.491928,3.93542,8,8,6,0.306053,0.185875,34.3228,-14.1155,48.4383,0.21366,0.208135,0.200355,0.187333,NaN
horse,545.18,rotary,8,1211.93,2.223,Solve_Succeeded,SOLVER_RET_UNKNOWN,1,18,115.888,0.46109,115.427,0.491655,3.93324,8,8,6,0.305396,0.186258,33.1006,-14.2735,47.3741,0.212554,0.207987,0.20062,0.187678,NaN
horse,545.18,rotary,8,1395.41,2.55955,Solve_Succeeded,SOLVER_RET_UNKNOWN,1,48,114.756,0.452751,114.303,0.491484,3.93187,8,8,6,0.305258,0.186226,32.8862,-15.2805,48.1667,0.211838,0.208506,0.20075,0.187803,NaN
horse,545.18,rotary,8,1606.67,2.94705,Solve_Succeeded,SOLVER_RET_UNKNOWN,1,26,114.071,0.447086,113.624,0.491526,3.93221,8,8,6,0.304711,0.186815,31.3996,-15.6142,47.0138,0.210642,0.208284,0.201003,0.188176,NaN
horse,545.18,rotary,8,1849.92,3.39322,Solve_Succeeded,SOLVER_RET_UNKNOWN,1,7,114.345,0.43898,113.906,0.491126,3.92901,8,8,6,0.304046,0.18708,28.9543,-15.3242,44.2785,0.209335,0.207751,0.201641,0.188988,NaN
horse,545.18,rotary,8,2129.99,3.90694,Solve_Succeeded,SOLVER_RET_UNKNOWN,1,25,111.715,0.433159,111.282,0.497712,3.9817,8,8,6,0.310913,0.1868,28.7297,-22.4435,51.1733,0.211879,0.208643,0.204162,0.187959,NaN
horse,545.18,rotary,8,2452.46,4.49843,Solve_Succeeded,SOLVER_RET_UNKNOWN,1,38,111.022,0.425351,110.596,0.499225,3.9938,8,8,6,0.310853,0.188372,26.5835,-22.4277,49.0112,0.210503,0.207626,0.204542,0.1884,NaN
horse,545.18,rotary,8,2823.75,5.17947,Solve_Succeeded,SOLVER_RET_UNKNOWN,1,13,110.651,0.415926,110.235,0.500797,4.00638,8,8,6,0.310517,0.19028,24.5671,-22.012,46.579,0.208031,0.206302,0.205,0.18958,NaN
horse,545.18,rotary,8,3251.25,5.96362,Solve_Succeeded,SOLVER_RET_UNKNOWN,1,8,111.572,0.402492,111.17,0.50041,4.00328,8,8,6,0.309969,0.190441,22.5979,-19.7887,42.3867,0.206922,0.205629,0.205582,0.190618,NaN
horse,545.18,rotary,8,3743.47,6.86649,Solve_Succeeded,SOLVER_RET_UNKNOWN,1,22,110.32,0.39414,109.925,0.502572,4.02057,8,8,6,0.309262,0.19331,20.7914,-19.8156,40.607,0.204057,0.204792,0.20651,0.19077,NaN
horse,545.18,rotary,8,4310.22,7.90604,Solve_Succeeded,SOLVER_RET_UNKNOWN,1,25,110.521,0.375029,110.146,0.50255,4.0204,8,8,6,0.308188,0.194361,19.0578,-18.3568,37.4146,0.201044,0.204816,0.207389,0.192495,NaN
horse,545.18,rotary,8,4962.76,9.10298,Solve_Succeeded,SOLVER_RET_UNKNOWN,1,11,111.113,0.367328,110.745,0.503501,4.028,8,8,6,0.308303,0.195198,17.1771,-16.7254,33.9026,0.199811,0.203904,0.20798,0.193273,NaN
horse,545.18,rotary,8,5714.1,10.4811,Solve_Succeeded,SOLVER_RET_UNKNOWN,1,17,111.511,0.356418,111.154,0.50406,4.03248,8,8,6,0.310111,0.193949,15.3536,-14.7084,30.062,0.196978,0.202786,0.210836,0.195229,NaN
horse,545.18,rotary,8,6579.19,12.0679,Solve_Succeeded,SOLVER_RET_UNKNOWN,1,23,111.574,0.334183,111.24,0.506193,4.04954,8,8,6,0.317978,0.188215,14.1114,-12.9742,27.0856,0.196634,0.201994,0.214626,0.191155,NaN
horse,545.18,rotary,8,7575.25,13.895,Solve_Succeeded,SOLVER_RET_UNKNOWN,1,23,111.95,0.328691,111.622,0.50725,4.058,8,8,6,0.318459,0.188791,12.61,-11.7421,24.3522,0.19609,0.201039,0.214632,0.191911,NaN
horse,545.18,rotary,8,8722.11,15.9986,Solve_Succeeded,SOLVER_RET_UNKNOWN,1,14,112.357,0.32399,112.033,0.507823,4.06259,8,8,6,0.318727,0.189096,11.2637,-10.5704,21.8341,0.19611,0.200318,0.214683,0.192535,NaN
horse,545.18,rotary,8,10042.6,18.4207,Solve_Succeeded,SOLVER_RET_UNKNOWN,1,27,112.55,0.315482,112.235,0.509333,4.07466,8,8,6,0.319511,0.189823,10.1864,-9.63126,19.8177,0.194394,0.199269,0.213944,0.194523,NaN
horse,545.18,rotary,8,11563,21.2095,Solve_Succeeded,SOLVER_RET_UNKNOWN,1,16,112.765,0.311827,112.453,0.509799,4.0784,8,8,6,0.319699,0.1901,9.09605,-8.72949,17.8255,0.194218,0.198724,0.213597,0.195218,NaN
horse,545.18,rotary,8,13313.6,24.4205,Solve_Succeeded,SOLVER_RET_UNKNOWN,1,15,113.05,0.309636,112.74,0.509597,4.07678,8,8,6,0.31954,0.190057,8.16141,-7.81035,15.9718,0.194707,0.198588,0.213417,0.195536,NaN
horse,545.18,rotary,8,15329.2,28.1177,Solve_Succeeded,SOLVER_RET_UNKNOWN,1,22,113.241,0.308121,112.933,0.510013,4.08011,8,8,6,0.319514,0.190499,7.30463,-6.95691,14.2615,0.195033,0.198293,0.213035,0.1957,NaN
horse,545.18,rotary,8,17650,32.3746,Solve_Succeeded,SOLVER_RET_UNKNOWN,1,9,113.553,0.306762,113.246,0.509524,4.0762,8,8,6,0.319294,0.190231,6.52401,-6.19219,12.7162,0.19565,0.198367,0.212872,0.195861,NaN
horse,545.18,rotary,8,20322.1,37.2759,Solve_Succeeded,SOLVER_RET_UNKNOWN,1,13,113.359,0.302767,113.056,0.50991,4.07928,8,8,6,0.31959,0.190321,5.71907,-5.63029,11.3494,0.194233,0.198008,0.212495,0.195846,NaN
horse,545.18,rotary,8,23398.8,42.9193,Solve_Succeeded,SOLVER_RET_UNKNOWN,1,12,113.659,0.302143,113.357,0.510026,4.08021,8,8,6,0.319427,0.190599,5.11112,-4.97783,10.0889,0.195198,0.198061,0.212122,0.195825,NaN
horse,545.18,rotary,8,26941.2,49.4171,Solve_Succeeded,SOLVER_RET_UNKNOWN,1,14,113.872,0.301767,113.57,0.510224,4.08179,8,8,6,0.319321,0.190904,4.55385,-4.38157,8.93542,0.195605,0.198015,0.211686,0.195827,NaN
horse,545.18,rotary,8,31020,56.8987,Solve_Succeeded,SOLVER_RET_UNKNOWN,1,15,113.776,0.300261,113.476,0.509626,4.07701,8,8,6,0.319092,0.190533,4.00559,-3.88113,7.88671,0.194264,0.198006,0.211312,0.195922,NaN
horse,545.18,rotary,8,35716.3,65.5129,Solve_Succeeded,SOLVER_RET_UNKNOWN,1,18,113.909,0.299635,113.609,0.509496,4.07597,8,8,6,0.31886,0.190636,3.54523,-3.41258,6.95781,0.194214,0.198003,0.210894,0.19595,NaN
horse,545.18,rotary,8,41123.6,75.4312,Solve_Succeeded,SOLVER_RET_UNKNOWN,1,26,114.031,0.296985,113.734,0.510184,4.08147,8,8,6,0.318696,0.191488,3.12465,-3.03617,6.16082,0.194292,0.197666,0.209813,0.195571,NaN
horse,545.18,rotary,8,47349.5,86.8511,Solve_Succeeded,SOLVER_RET_UNKNOWN,1,19,114.134,0.296832,113.837,0.509804,4.07844,8,8,6,0.318517,0.191287,2.75533,-2.65174,5.40708,0.19436,0.197849,0.209593,0.195555,NaN
horse,545.18,rotary,8,54518,100,Solve_Succeeded,SOLVER_RET_UNKNOWN,1,17,114.232,0.296714,113.935,0.509381,4.07505,8,8,6,0.318324,0.191057,2.41867,-2.31544,4.73411,0.194451,0.198022,0.209408,0.195499,NaN
horse,545.18,rotary,10,54.518,0.1,Solve_Succeeded,SOLVER_RET_UNKNOWN,1,16,148.735,0.47474,148.261,0.486213,4.86213,10,8,6,0.273921,0.212291,44.9997,3.02131,41.9784,0.175324,0.175221,0.21281,0.200785,NaN
horse,545.18,rotary,10,62.7718,0.11514,Solve_Succeeded,SOLVER_RET_UNKNOWN,1,37,148.722,0.474212,148.248,0.486103,4.86103,10,8,6,0.274005,0.212098,45,3.05695,41.9431,0.175487,0.175443,0.212747,0.200567,NaN
horse,545.18,rotary,10,72.2751,0.132571,Solve_Succeeded,SOLVER_RET_UNKNOWN,1,17,148.777,0.473311,148.304,0.486195,4.86195,10,8,6,0.274173,0.212023,45,3.19827,41.8017,0.175737,0.175735,0.212441,0.200091,NaN
horse,545.18,rotary,10,83.2173,0.152642,Solve_Succeeded,SOLVER_RET_UNKNOWN,1,20,148.791,0.473524,148.317,0.486031,4.86031,10,8,6,0.274017,0.212013,44.8242,3.14394,41.6803,0.175624,0.175946,0.212194,0.199978,NaN
horse,545.18,rotary,10,95.816,0.175751,Solve_Succeeded,SOLVER_RET_UNKNOWN,1,20,149.091,0.461812,148.629,0.487739,4.87739,10,8,6,0.274284,0.213455,43.7086,3.15304,40.5556,0.176257,0.175292,0.21078,0.19863,NaN
horse,545.18,rotary,10,110.322,0.202359,Solve_Succeeded,SOLVER_RET_UNKNOWN,1,16,149.33,0.455361,148.874,0.489444,4.89444,10,8,6,0.274642,0.214803,43.1446,2.97963,40.165,0.176235,0.175072,0.209808,0.197668,NaN
horse,545.18,rotary,10,127.024,0.232995,Solve_Succeeded,SOLVER_RET_UNKNOWN,1,24,149.29,0.455333,148.834,0.489408,4.89408,10,8,6,0.27458,0.214828,43.1464,2.9291,40.2173,0.176286,0.175157,0.209571,0.197594,NaN
horse,545.18,rotary,10,146.255,0.26827,Solve_Succeeded,SOLVER_RET_UNKNOWN,1,25,148.485,0.473299,148.012,0.484562,4.84562,10,8,6,0.273511,0.211052,44.9709,3.34673,41.6241,0.176277,0.176895,0.211253,0.199977,NaN
horse,545.18,rotary,10,168.398,0.308884,Solve_Succeeded,SOLVER_RET_UNKNOWN,1,8,148.649,0.474522,148.174,0.484045,4.84045,10,8,6,0.273196,0.210848,44.7662,3.24816,41.518,0.176407,0.177035,0.210976,0.199947,NaN
horse,545.18,rotary,10,193.892,0.355648,Solve_Succeeded,SOLVER_RET_UNKNOWN,1,39,148.209,0.469343,147.739,0.481633,4.81633,10,8,6,0.272874,0.208759,44.9996,4.10689,40.8927,0.176949,0.178604,0.211005,0.199382,NaN
horse,545.18,rotary,10,223.247,0.409492,Solve_Succeeded,SOLVER_RET_UNKNOWN,1,29,148.078,0.469801,147.609,0.480702,4.80702,10,8,6,0.272505,0.208197,44.945,4.26743,40.6776,0.176994,0.179192,0.210702,0.19933,NaN
horse,545.18,rotary,10,257.045,0.471487,Solve_Succeeded,SOLVER_RET_UNKNOWN,1,26,147.951,0.469026,147.482,0.480431,4.80431,10,8,6,0.272381,0.20805,45,4.2435,40.7565,0.17722,0.179329,0.210402,0.199337,NaN
horse,545.18,rotary,10,295.961,0.542867,Solve_Succeeded,SOLVER_RET_UNKNOWN,1,16,147.818,0.468413,147.35,0.479945,4.79945,10,8,6,0.272135,0.20781,44.9986,4.27717,40.7215,0.177395,0.17971,0.209897,0.19919,NaN
horse,545.18,rotary,10,340.768,0.625055,Solve_Succeeded,SOLVER_RET_UNKNOWN,1,8,148.239,0.470163,147.769,0.478943,4.78943,10,8,6,0.27154,0.207403,44.5371,4.02289,40.5142,0.177568,0.179924,0.209495,0.199148,NaN
horse,545.18,rotary,10,392.358,0.719686,Solve_Succeeded,SOLVER_RET_UNKNOWN,1,30,147.511,0.465034,147.046,0.478105,4.78105,10,8,6,0.271704,0.206401,44.9997,4.69707,40.3026,0.178113,0.181196,0.208985,0.198321,NaN
horse,545.18,rotary,10,451.76,0.828643,Solve_Succeeded,SOLVER_RET_UNKNOWN,1,8,148.393,0.467357,147.925,0.476511,4.76511,10,8,6,0.270818,0.205693,44.0604,4.26877,39.7916,0.178351,0.181497,0.208522,0.198286,NaN
horse,545.18,rotary,10,520.154,0.954096,Solve_Succeeded,SOLVER_RET_UNKNOWN,1,24,147.346,0.468427,146.878,0.476737,4.76737,10,8,6,0.270908,0.20583,44.9699,4.30207,40.6679,0.178447,0.181828,0.207928,0.198168,NaN
horse,545.18,rotary,10,598.903,1.09854,Solve_Succeeded,SOLVER_RET_UNKNOWN,1,22,147.367,0.47215,146.895,0.476052,4.76052,10,8,6,0.270329,0.205723,44.5969,3.96041,40.6365,0.178945,0.182076,0.206819,0.197611,NaN
horse,545.18,rotary,10,689.574,1.26486,Solve_Succeeded,SOLVER_RET_UNKNOWN,1,25,147.196,0.472626,146.723,0.474691,4.74691,10,8,6,0.269553,0.205138,44.3128,3.91577,40.3971,0.179271,0.182919,0.205659,0.196887,NaN
horse,545.18,rotary,10,793.972,1.45635,Solve_Succeeded,SOLVER_RET_UNKNOWN,1,29,147.206,0.477618,146.729,0.473511,4.73511,10,8,6,0.268838,0.204672,44.556,3.22433,41.3317,0.179958,0.183286,0.204492,0.196107,NaN
horse,545.18,rotary,10,914.176,1.67683,Solve_Succeeded,SOLVER_RET_UNKNOWN,1,29,147.311,0.481403,146.829,0.472191,4.72191,10,8,6,0.267948,0.204243,44.8666,2.58652,42.2801,0.180118,0.183679,0.203659,0.195802,NaN
horse,545.18,rotary,10,1052.58,1.9307,Solve_Succeeded,SOLVER_RET_UNKNOWN,1,36,147.239,0.503204,146.736,0.46856,4.6856,10,8,6,0.265674,0.202886,43.053,0.771463,42.2815,0.181388,0.184767,0.200847,0.192938,NaN
horse,545.18,rotary,10,1211.93,2.223,Solve_Succeeded,SOLVER_RET_UNKNOWN,1,60,147.149,0.552291,146.596,0.466272,4.66272,10,8,6,0.263615,0.202658,38.7127,-3.76251,42.4753,0.182354,0.185217,0.197796,0.187524,NaN
horse,545.18,rotary,10,1395.41,2.55955,Solve_Succeeded,SOLVER_RET_UNKNOWN,1,33,146.973,0.560009,146.413,0.464392,4.64392,10,8,6,0.261588,0.202804,37.4884,-5.47833,42.9668,0.181864,0.185298,0.196129,0.188252,NaN
horse,545.18,rotary,10,1606.67,2.94705,Solve_Succeeded,SOLVER_RET_UNKNOWN,1,44,147.583,0.528645,147.054,0.475883,4.75883,10,8,6,0.265706,0.210177,34.2411,-13.389,47.6301,0.183089,0.184067,0.191188,0.184277,NaN
horse,545.18,rotary,10,1849.92,3.39322,Solve_Succeeded,SOLVER_RET_UNKNOWN,1,51,147.1,0.522753,146.578,0.480918,4.80918,10,8,6,0.267613,0.213305,33.319,-18.0738,51.3928,0.183601,0.18381,0.189051,0.184993,NaN
horse,545.18,rotary,10,2129.99,3.90694,Solve_Succeeded,SOLVER_RET_UNKNOWN,1,7,149.26,0.513707,148.746,0.480954,4.80954,10,8,6,0.267587,0.213367,31.7438,-19.2896,51.0334,0.184096,0.183195,0.189859,0.186748,NaN
horse,545.18,rotary,10,2452.46,4.49843,Solve_Succeeded,SOLVER_RET_UNKNOWN,1,22,143.906,0.513323,143.393,0.483322,4.83322,10,8,6,0.267617,0.215705,30.4939,-19.503,49.9969,0.181644,0.183704,0.188354,0.185795,NaN
horse,545.18,rotary,10,2823.75,5.17947,Solve_Succeeded,SOLVER_RET_UNKNOWN,1,10,144.115,0.497462,143.618,0.48325,4.8325,10,8,6,0.267188,0.216062,28.1318,-17.9223,46.0541,0.180469,0.182956,0.188893,0.186735,NaN
horse,545.18,rotary,10,3251.25,5.96362,Solve_Succeeded,SOLVER_RET_UNKNOWN,1,50,140.704,0.504825,140.199,0.486331,4.86331,10,8,6,0.266896,0.219435,26.471,-19.791,46.2619,0.178721,0.181555,0.188518,0.186149,NaN
horse,545.18,rotary,10,3743.47,6.86649,Solve_Succeeded,SOLVER_RET_UNKNOWN,1,48,139.287,0.497434,138.79,0.487936,4.87936,10,8,6,0.266664,0.221272,24.5078,-20.1105,44.6183,0.177256,0.180484,0.188775,0.186375,NaN
horse,545.18,rotary,10,4310.22,7.90604,Solve_Succeeded,SOLVER_RET_UNKNOWN,1,22,138.087,0.487098,137.599,0.48935,4.8935,10,8,6,0.266636,0.222713,22.7455,-21.1774,43.9228,0.175659,0.179605,0.189615,0.186784,NaN
horse,545.18,rotary,10,4962.76,9.10298,Solve_Succeeded,SOLVER_RET_UNKNOWN,1,15,137.32,0.462412,136.857,0.490906,4.90906,10,8,6,0.267169,0.223737,21.1648,-21.3746,42.5394,0.17436,0.178758,0.191082,0.187155,NaN
horse,545.18,rotary,10,5714.1,10.4811,Solve_Succeeded,SOLVER_RET_UNKNOWN,1,9,137.949,0.448049,137.501,0.490741,4.90741,10,8,6,0.266886,0.223855,19.1757,-19.2373,38.413,0.173963,0.178241,0.191156,0.187786,NaN
horse,545.18,rotary,10,6579.19,12.0679,Solve_Succeeded,SOLVER_RET_UNKNOWN,1,12,138.051,0.43897,137.612,0.491628,4.91628,10,8,6,0.266968,0.224659,17.2187,-17.3019,34.5206,0.173432,0.177562,0.191028,0.188181,NaN
horse,545.18,rotary,10,7575.25,13.895,Solve_Succeeded,SOLVER_RET_UNKNOWN,1,26,137.585,0.442964,137.142,0.493382,4.93382,10,8,6,0.267033,0.22635,15.1594,-15.8849,31.0443,0.172489,0.176398,0.191524,0.188468,NaN
horse,545.18,rotary,10,8722.11,15.9986,Solve_Succeeded,SOLVER_RET_UNKNOWN,1,32,137.656,0.436708,137.22,0.493705,4.93705,10,8,6,0.266605,0.2271,13.3198,-14.3765,27.6964,0.171809,0.175806,0.191939,0.188414,NaN
horse,545.18,rotary,10,10042.6,18.4207,Solve_Succeeded,SOLVER_RET_UNKNOWN,1,19,137.868,0.43064,137.438,0.493783,4.93783,10,8,6,0.266321,0.227462,11.7572,-12.9171,24.6743,0.171549,0.175355,0.192056,0.188476,NaN
horse,545.18,rotary,10,11563,21.2095,Solve_Succeeded,SOLVER_RET_UNKNOWN,1,14,138.19,0.422706,137.767,0.494014,4.94014,10,8,6,0.266827,0.227186,10.4969,-11.4941,21.991,0.17157,0.175007,0.192065,0.189045,NaN
horse,545.18,rotary,10,13313.6,24.4205,Solve_Succeeded,SOLVER_RET_UNKNOWN,1,19,137.873,0.399133,137.473,0.49378,4.9378,10,8,6,0.265375,0.228405,8.77023,-10.7037,19.4739,0.168727,0.17398,0.194196,0.188293,NaN
horse,545.18,rotary,10,15329.2,28.1177,Solve_Succeeded,SOLVER_RET_UNKNOWN,1,15,138.021,0.399903,137.621,0.493303,4.93303,10,8,6,0.265331,0.227972,7.55164,-9.52099,17.0726,0.168739,0.17295,0.193284,0.189229,NaN
horse,545.18,rotary,10,17650,32.3746,Solve_Succeeded,SOLVER_RET_UNKNOWN,1,13,138.218,0.395764,137.822,0.492949,4.92949,10,8,6,0.265307,0.227642,6.70084,-8.45828,15.1591,0.168911,0.172915,0.193028,0.189529,NaN
horse,545.18,rotary,10,20322.1,37.2759,Solve_Succeeded,SOLVER_RET_UNKNOWN,1,18,138.419,0.392538,138.026,0.492533,4.92533,10,8,6,0.265142,0.227391,5.9325,-7.47261,13.4051,0.169121,0.172868,0.192715,0.189657,NaN
horse,545.18,rotary,10,23398.8,42.9193,Solve_Succeeded,SOLVER_RET_UNKNOWN,1,12,138.72,0.383006,138.337,0.492063,4.92063,10,8,6,0.265777,0.226286,5.29248,-6.72842,12.0209,0.169667,0.173197,0.192637,0.189786,NaN
horse,545.18,rotary,10,26941.2,49.4171,Solve_Succeeded,SOLVER_RET_UNKNOWN,1,13,138.879,0.38158,138.498,0.491599,4.91599,10,8,6,0.265633,0.225965,4.6857,-5.8903,10.576,0.169874,0.173191,0.192311,0.189846,NaN
horse,545.18,rotary,10,31020,56.8987,Solve_Succeeded,SOLVER_RET_UNKNOWN,1,12,138.968,0.382089,138.586,0.490788,4.90788,10,8,6,0.264278,0.226509,4.03106,-5.1677,9.19876,0.169258,0.172754,0.191693,0.189602,NaN
horse,545.18,rotary,10,35716.3,65.5129,Solve_Succeeded,SOLVER_RET_UNKNOWN,1,14,139.153,0.380534,138.773,0.490384,4.90384,10,8,6,0.264158,0.226226,3.55704,-4.52821,8.08525,0.169513,0.17282,0.191367,0.189612,NaN
horse,545.18,rotary,10,41123.6,75.4312,Solve_Succeeded,SOLVER_RET_UNKNOWN,1,12,139.345,0.378753,138.966,0.489897,4.89897,10,8,6,0.263989,0.225908,3.12962,-3.96793,7.09756,0.169638,0.172948,0.191111,0.189578,NaN
horse,545.18,rotary,10,47349.5,86.8511,Solve_Succeeded,SOLVER_RET_UNKNOWN,1,13,139.551,0.377553,139.174,0.489394,4.89394,10,8,6,0.263861,0.225533,2.76194,-3.46215,6.22409,0.169796,0.173059,0.190943,0.189612,NaN
horse,545.18,rotary,10,54518,100,Solve_Succeeded,SOLVER_RET_UNKNOWN,1,14,139.695,0.375731,139.32,0.488915,4.88915,10,8,6,0.263702,0.225213,2.40015,-3.02989,5.43004,0.170001,0.173314,0.190538,0.189523,NaN
horse,545.18,rotary,12,54.518,0.1,Solve_Succeeded,SOLVER_RET_UNKNOWN,1,115,178.287,0.617259,177.67,0.468137,5.61765,12,8,6,0.229242,0.238895,43.5494,9.12429,34.4251,0.14137,0.152405,0.195915,0.192716,NaN
horse,545.18,rotary,12,62.7718,0.11514,Solve_Succeeded,SOLVER_RET_UNKNOWN,1,16,178.289,0.619525,177.67,0.468168,5.61801,12,8,6,0.229217,0.238951,43.6077,9.09175,34.516,0.141343,0.152375,0.195887,0.192797,NaN
horse,545.18,rotary,12,72.2751,0.132571,Solve_Succeeded,SOLVER_RET_UNKNOWN,1,20,178.262,0.62427,177.638,0.468654,5.62384,12,8,6,0.229251,0.239402,43.8236,9.0106,34.813,0.141181,0.151916,0.196074,0.193043,NaN
horse,545.18,rotary,12,83.2173,0.152642,Solve_Succeeded,SOLVER_RET_UNKNOWN,1,21,178.278,0.626381,177.652,0.468595,5.62313,12,8,6,0.229224,0.23937,43.8749,8.98069,34.8942,0.141189,0.15198,0.196005,0.193106,NaN
horse,545.18,rotary,12,95.816,0.175751,Solve_Succeeded,SOLVER_RET_UNKNOWN,1,22,178.268,0.629057,177.639,0.468834,5.626,12,8,6,0.229057,0.239777,44.3609,8.98935,35.3715,0.140952,0.151734,0.195882,0.193424,NaN
horse,545.18,rotary,12,110.322,0.202359,Solve_Succeeded,SOLVER_RET_UNKNOWN,1,20,178.295,0.630839,177.664,0.46865,5.6238,12,8,6,0.228999,0.23965,44.3556,8.93095,35.4247,0.140987,0.151857,0.19579,0.193448,NaN
horse,545.18,rotary,12,127.024,0.232995,Solve_Succeeded,SOLVER_RET_UNKNOWN,1,22,178.33,0.632605,177.697,0.468478,5.62173,12,8,6,0.228984,0.239493,44.3582,8.8702,35.488,0.141044,0.152,0.195686,0.193511,NaN
horse,545.18,rotary,12,146.255,0.26827,Solve_Succeeded,SOLVER_RET_UNKNOWN,1,20,178.348,0.634697,177.714,0.468231,5.61878,12,8,6,0.228888,0.239343,44.3592,8.79237,35.5668,0.141063,0.152171,0.195583,0.193477,NaN
horse,545.18,rotary,12,168.398,0.308884,Solve_Succeeded,SOLVER_RET_UNKNOWN,1,15,178.674,0.63803,178.036,0.467697,5.61237,12,8,6,0.22864,0.239057,44.1477,8.47295,35.6748,0.141255,0.152287,0.195307,0.193397,NaN
horse,545.18,rotary,12,193.892,0.355648,Solve_Succeeded,SOLVER_RET_UNKNOWN,1,14,178.84,0.640914,178.199,0.4673,5.6076,12,8,6,0.22849,0.238811,44.0655,8.27673,35.7888,0.141366,0.15245,0.195127,0.193376,NaN
horse,545.18,rotary,12,223.247,0.409492,Solve_Succeeded,SOLVER_RET_UNKNOWN,1,14,179.023,0.644041,178.379,0.466872,5.60246,12,8,6,0.228327,0.238545,43.98,8.05731,35.9227,0.141483,0.15263,0.194926,0.19335,NaN
horse,545.18,rotary,12,257.045,0.471487,Solve_Succeeded,SOLVER_RET_UNKNOWN,1,15,179.225,0.647473,178.577,0.466403,5.59684,12,8,6,0.228148,0.238255,43.899,7.8104,36.0886,0.141609,0.152825,0.194703,0.193318,NaN
horse,545.18,rotary,12,295.961,0.542867,Solve_Succeeded,SOLVER_RET_UNKNOWN,1,15,179.459,0.651274,178.808,0.465883,5.5906,12,8,6,0.227946,0.237937,43.8108,7.53097,36.2798,0.141745,0.153034,0.194459,0.193281,NaN
horse,545.18,rotary,12,340.768,0.625055,Solve_Succeeded,SOLVER_RET_UNKNOWN,1,36,178.35,0.635904,177.714,0.465288,5.58346,12,8,6,0.228454,0.236834,44.5535,8.24181,36.3117,0.142098,0.15452,0.194377,0.193006,NaN
horse,545.18,rotary,12,392.358,0.719686,Solve_Succeeded,SOLVER_RET_UNKNOWN,1,12,178.705,0.640434,178.065,0.464582,5.57498,12,8,6,0.228154,0.236428,44.3982,7.83026,36.5679,0.142254,0.154745,0.194068,0.192959,NaN
horse,545.18,rotary,12,451.76,0.828643,Solve_Succeeded,SOLVER_RET_UNKNOWN,1,14,178.971,0.645626,178.325,0.463873,5.56648,12,8,6,0.227863,0.236011,44.2524,7.37889,36.8735,0.142456,0.154984,0.193686,0.192876,NaN
horse,545.18,rotary,12,520.154,0.954096,Solve_Succeeded,SOLVER_RET_UNKNOWN,1,12,179.547,0.651794,178.896,0.462953,5.55544,12,8,6,0.227455,0.235499,44.0343,6.82797,37.2063,0.142618,0.155259,0.193287,0.192809,NaN
horse,545.18,rotary,12,598.903,1.09854,Solve_Succeeded,SOLVER_RET_UNKNOWN,1,12,179.164,0.623812,178.54,0.461599,5.53919,12,8,6,0.22736,0.234239,44.5843,7.14237,37.4419,0.143728,0.156525,0.192228,0.191723,NaN
horse,545.18,rotary,12,689.574,1.26486,Solve_Succeeded,SOLVER_RET_UNKNOWN,1,11,180.184,0.63187,179.552,0.460276,5.52331,12,8,6,0.226736,0.23354,44.0423,6.32963,37.7127,0.143907,0.156827,0.191729,0.191625,NaN
horse,545.18,rotary,12,793.972,1.45635,Solve_Succeeded,SOLVER_RET_UNKNOWN,1,42,178.688,0.630644,178.057,0.459078,5.50894,12,8,6,0.227208,0.23187,45,7.47882,37.5211,0.144864,0.158954,0.191103,0.190846,NaN
horse,545.18,rotary,12,914.176,1.67683,Solve_Succeeded,SOLVER_RET_UNKNOWN,1,27,179.026,0.63693,178.389,0.458227,5.49873,12,8,6,0.226888,0.23134,44.9988,6.97667,38.0221,0.145145,0.159417,0.19058,0.190413,NaN
horse,545.18,rotary,12,1052.58,1.9307,Solve_Succeeded,SOLVER_RET_UNKNOWN,1,41,179.54,0.642652,178.898,0.457114,5.48537,12,8,6,0.226592,0.230523,45,6.46619,38.5338,0.145557,0.160303,0.18984,0.189788,NaN
horse,545.18,rotary,12,1211.93,2.223,Solve_Succeeded,SOLVER_RET_UNKNOWN,1,39,180.279,0.652888,179.626,0.456323,5.47588,12,8,6,0.226404,0.229919,44.4646,5.54724,38.9174,0.146202,0.16138,0.188567,0.18847,NaN
horse,545.18,rotary,12,1395.41,2.55955,Solve_Succeeded,SOLVER_RET_UNKNOWN,1,32,181.107,0.678578,180.428,0.454436,5.45323,12,8,6,0.225993,0.228443,43.2737,4.69214,38.5816,0.146896,0.16348,0.186929,0.186565,NaN
horse,545.18,rotary,12,1606.67,2.94705,Solve_Succeeded,SOLVER_RET_UNKNOWN,1,44,182.086,0.717883,181.368,0.453418,5.44102,12,8,6,0.224794,0.228624,39.9387,1.85323,38.0855,0.147093,0.163493,0.18519,0.183537,NaN
horse,545.18,rotary,12,1849.92,3.39322,Solve_Succeeded,SOLVER_RET_UNKNOWN,1,45,182.602,0.736916,181.865,0.452343,5.42812,12,8,6,0.222995,0.229348,36.1334,-1.91747,38.0509,0.147216,0.163371,0.18239,0.180585,NaN
horse,545.18,rotary,12,2129.99,3.90694,Solve_Succeeded,SOLVER_RET_UNKNOWN,1,66,182.932,0.728384,182.203,0.452691,5.43229,12,8,6,0.22179,0.230901,34.2712,-4.2369,38.5081,0.146941,0.162945,0.18005,0.179782,NaN
horse,545.18,rotary,12,2452.46,4.49843,Solve_Succeeded,SOLVER_RET_UNKNOWN,1,30,182.814,0.695979,182.118,0.453535,5.44242,12,8,6,0.221486,0.232048,32.5562,-6.778,39.3342,0.146778,0.162785,0.178793,0.178786,NaN
horse,545.18,rotary,12,2823.75,5.17947,Solve_Succeeded,SOLVER_RET_UNKNOWN,1,24,182.453,0.686279,181.767,0.454394,5.45273,12,8,6,0.221233,0.233162,30.7832,-7.88656,38.6697,0.146037,0.16226,0.178591,0.178448,NaN
horse,545.18,rotary,12,3251.25,5.96362,Solve_Succeeded,SOLVER_RET_UNKNOWN,1,42,180.352,0.661876,179.69,0.458351,5.50022,12,8,6,0.223203,0.235148,28.8629,-11.0451,39.9079,0.146313,0.162097,0.178559,0.178559,NaN
horse,545.18,rotary,12,3743.47,6.86649,Solve_Succeeded,SOLVER_RET_UNKNOWN,1,19,177.854,0.644927,177.209,0.461218,5.53462,12,8,6,0.22457,0.236648,27.283,-13.7348,41.0178,0.145819,0.162568,0.178228,0.178302,NaN
horse,545.18,rotary,12,4310.22,7.90604,Solve_Succeeded,SOLVER_RET_UNKNOWN,1,135,171.434,0.592041,170.842,0.481819,5.78182,12,8,6,0.234295,0.247524,27.3291,-23.5082,50.8373,0.148383,0.159593,0.178297,0.178297,NaN
horse,545.18,rotary,12,4962.76,9.10298,Solve_Succeeded,SOLVER_RET_UNKNOWN,1,16,169.624,0.582608,169.041,0.482435,5.78922,12,8,6,0.233663,0.248772,24.7445,-22.7579,47.5024,0.147415,0.158547,0.178277,0.17828,NaN
horse,545.18,rotary,12,5714.1,10.4811,Solve_Succeeded,SOLVER_RET_UNKNOWN,1,14,169.214,0.550831,168.663,0.482821,5.79385,12,8,6,0.233801,0.24902,22.4139,-22.2782,44.6921,0.146739,0.157567,0.179557,0.179169,NaN
horse,545.18,rotary,12,6579.19,12.0679,Solve_Succeeded,SOLVER_RET_UNKNOWN,1,16,167.635,0.549829,167.085,0.483157,5.79789,12,8,6,0.23315,0.250008,19.7559,-20.3783,40.1342,0.145643,0.157177,0.179215,0.178705,NaN
horse,545.18,rotary,12,7575.25,13.895,Solve_Succeeded,SOLVER_RET_UNKNOWN,1,23,167.129,0.544584,166.585,0.48349,5.80188,12,8,6,0.232501,0.250989,17.4767,-18.3473,35.8241,0.145294,0.156828,0.178759,0.178678,NaN
horse,545.18,rotary,12,8722.11,15.9986,Solve_Succeeded,SOLVER_RET_UNKNOWN,1,17,167.268,0.536952,166.731,0.483366,5.80039,12,8,6,0.23224,0.251126,15.587,-16.3688,31.9558,0.145245,0.156515,0.178547,0.178679,NaN
horse,545.18,rotary,12,10042.6,18.4207,Solve_Succeeded,SOLVER_RET_UNKNOWN,1,38,165.92,0.541361,165.379,0.483852,5.80622,12,8,6,0.231364,0.252488,13.5222,-15.4657,28.9879,0.143906,0.15572,0.178544,0.178544,NaN
horse,545.18,rotary,12,11563,21.2095,Solve_Succeeded,SOLVER_RET_UNKNOWN,1,9,166.386,0.533424,165.853,0.483313,5.79976,12,8,6,0.231192,0.252122,12.0049,-13.6122,25.617,0.144176,0.155545,0.178455,0.178643,NaN
horse,545.18,rotary,12,13313.6,24.4205,Solve_Succeeded,SOLVER_RET_UNKNOWN,1,48,165.681,0.526969,165.154,0.482624,5.79149,12,8,6,0.229794,0.25283,10.329,-12.6286,22.9575,0.142558,0.155077,0.178498,0.178498,NaN
horse,545.18,rotary,12,15329.2,28.1177,Solve_Succeeded,SOLVER_RET_UNKNOWN,1,29,165.566,0.517492,165.049,0.481297,5.77557,12,8,6,0.228495,0.252803,9.0391,-11.3532,20.3923,0.141256,0.155053,0.178438,0.178438,NaN
horse,545.18,rotary,12,17650,32.3746,Solve_Succeeded,SOLVER_RET_UNKNOWN,1,16,165.814,0.511993,165.302,0.48102,5.77224,12,8,6,0.228346,0.252675,7.94022,-9.97195,17.9122,0.141469,0.154846,0.178315,0.178372,NaN
horse,545.18,rotary,12,20322.1,37.2759,Solve_Succeeded,SOLVER_RET_UNKNOWN,1,9,166.188,0.507165,165.681,0.480474,5.76568,12,8,6,0.228235,0.252239,7.00138,-8.72289,15.7243,0.141837,0.154727,0.178171,0.178434,NaN
horse,545.18,rotary,12,23398.8,42.9193,Solve_Succeeded,SOLVER_RET_UNKNOWN,1,10,166.532,0.502635,166.029,0.479864,5.75837,12,8,6,0.228037,0.251828,6.15539,-7.64334,13.7987,0.142036,0.154674,0.177976,0.178451,NaN
horse,545.18,rotary,12,26941.2,49.4171,Solve_Succeeded,SOLVER_RET_UNKNOWN,1,30,166.099,0.486754,165.612,0.477639,5.73166,12,8,6,0.225784,0.251854,5.04183,-7.04749,12.0893,0.141027,0.154399,0.177283,0.177283,NaN
horse,545.18,rotary,12,31020,56.8987,Solve_Succeeded,SOLVER_RET_UNKNOWN,1,16,166.297,0.481348,165.816,0.477335,5.72802,12,8,6,0.225458,0.251877,4.39802,-6.21061,10.6086,0.141119,0.154183,0.177025,0.177025,NaN
horse,545.18,rotary,12,35716.3,65.5129,Solve_Succeeded,SOLVER_RET_UNKNOWN,1,14,166.508,0.476978,166.031,0.476946,5.72335,12,8,6,0.225221,0.251725,3.85921,-5.46379,9.32299,0.141247,0.154094,0.176872,0.176872,NaN
horse,545.18,rotary,12,41123.6,75.4312,Solve_Succeeded,SOLVER_RET_UNKNOWN,1,22,166.708,0.471373,166.237,0.476482,5.71779,12,8,6,0.224763,0.251719,3.36141,-4.79862,8.16003,0.141226,0.153981,0.176506,0.176506,NaN
horse,545.18,rotary,12,47349.5,86.8511,Solve_Succeeded,SOLVER_RET_UNKNOWN,1,18,166.913,0.467279,166.446,0.475956,5.71147,12,8,6,0.224439,0.251517,2.94135,-4.20478,7.14613,0.141212,0.153997,0.176344,0.17633,NaN
horse,545.18,rotary,12,54518,100,Solve_Succeeded,SOLVER_RET_UNKNOWN,1,13,167.143,0.464563,166.679,0.475432,5.70518,12,8,6,0.224281,0.251151,2.59433,-3.68128,6.27561,0.141388,0.154012,0.176267,0.176332,NaN
horse,545.18,rotary,15,54.518,0.1,Solve_Succeeded,SOLVER_RET_UNKNOWN,1,49,237.27,0.845293,236.424,0.452895,6.79343,15,8,6,0.188873,0.264023,37.9604,8.64489,29.3155,0.119162,0.12197,0.175902,0.175901,NaN
horse,545.18,rotary,15,62.7718,0.11514,Solve_Succeeded,SOLVER_RET_UNKNOWN,1,49,233.774,0.875091,232.899,0.459859,6.89788,15,8,6,0.187367,0.272491,39.7742,8.53473,31.2394,0.115889,0.117863,0.173693,0.173693,NaN
horse,545.18,rotary,15,72.2751,0.132571,Solve_Succeeded,SOLVER_RET_UNKNOWN,1,87,232.41,0.882763,231.527,0.467997,7.01996,15,8,6,0.188118,0.27988,41.6252,8.12525,33.5,0.113957,0.115549,0.172457,0.172457,NaN
horse,545.18,rotary,15,83.2173,0.152642,Solve_Succeeded,SOLVER_RET_UNKNOWN,1,21,231.837,0.886881,230.95,0.474105,7.11157,15,8,6,0.188501,0.285603,43.1141,8.16531,34.9488,0.112349,0.113581,0.171664,0.171663,NaN
horse,545.18,rotary,15,95.816,0.175751,Solve_Succeeded,SOLVER_RET_UNKNOWN,1,38,231.973,0.889811,231.083,0.474004,7.11007,15,8,6,0.188488,0.285516,43.0398,8.10024,34.9395,0.112356,0.113649,0.171645,0.171645,NaN
horse,545.18,rotary,15,110.322,0.202359,Solve_Succeeded,SOLVER_RET_UNKNOWN,1,21,232.104,0.893027,231.211,0.473886,7.10829,15,8,6,0.188484,0.285402,42.9686,8.03955,34.9291,0.112369,0.113754,0.171617,0.171617,NaN
horse,545.18,rotary,15,127.024,0.232995,Solve_Succeeded,SOLVER_RET_UNKNOWN,1,23,232.234,0.896196,231.338,0.473765,7.10647,15,8,6,0.188485,0.285279,42.8923,7.96822,34.9241,0.112383,0.113886,0.171577,0.171577,NaN
horse,545.18,rotary,15,146.255,0.26827,Solve_Succeeded,SOLVER_RET_UNKNOWN,1,31,232.391,0.899462,231.492,0.473614,7.10422,15,8,6,0.18848,0.285135,42.8186,7.89921,34.9194,0.112403,0.114002,0.171555,0.171555,NaN
horse,545.18,rotary,15,168.398,0.308884,Solve_Succeeded,SOLVER_RET_UNKNOWN,1,33,232.504,0.902478,231.601,0.473496,7.10245,15,8,6,0.18848,0.285016,42.7678,7.82142,34.9464,0.112397,0.114155,0.171509,0.171509,NaN
horse,545.18,rotary,15,193.892,0.355648,Solve_Succeeded,SOLVER_RET_UNKNOWN,1,11,233.735,0.90775,232.828,0.473139,7.09708,15,8,6,0.188767,0.284372,42.5398,7.58954,34.9502,0.112665,0.114041,0.17171,0.171922,NaN
horse,545.18,rotary,15,223.247,0.409492,Solve_Succeeded,SOLVER_RET_UNKNOWN,1,7,235.067,0.914855,234.152,0.472479,7.08719,15,8,6,0.188646,0.283833,42.1107,7.33225,34.7784,0.112704,0.114063,0.171682,0.172147,NaN
horse,545.18,rotary,15,257.045,0.471487,Solve_Succeeded,SOLVER_RET_UNKNOWN,1,46,232.544,0.892654,231.651,0.475938,7.13907,15,8,6,0.188448,0.28749,42.5481,7.32362,35.2244,0.111446,0.11439,0.170115,0.170115,NaN
horse,545.18,rotary,15,295.961,0.542867,Solve_Succeeded,SOLVER_RET_UNKNOWN,1,32,232.667,0.89339,231.774,0.477025,7.15537,15,8,6,0.189024,0.288,42.4808,7.18572,35.295,0.111609,0.114936,0.169711,0.169711,NaN
horse,545.18,rotary,15,340.768,0.625055,Solve_Succeeded,SOLVER_RET_UNKNOWN,1,29,232.816,0.896949,231.919,0.476651,7.14977,15,8,6,0.188917,0.287734,42.1599,7.02238,35.1376,0.111411,0.115234,0.169698,0.169698,NaN
horse,545.18,rotary,15,392.358,0.719686,Solve_Succeeded,SOLVER_RET_UNKNOWN,1,40,232.975,0.901791,232.073,0.476043,7.14065,15,8,6,0.188896,0.287148,42.0438,6.76717,35.2766,0.111554,0.115579,0.169671,0.169671,NaN
horse,545.18,rotary,15,451.76,0.828643,Solve_Succeeded,SOLVER_RET_UNKNOWN,1,30,233.102,0.901916,232.2,0.474883,7.12324,15,8,6,0.188858,0.286025,41.7907,6.43716,35.3536,0.111895,0.116215,0.169585,0.169585,NaN
horse,545.18,rotary,15,520.154,0.954096,Solve_Succeeded,SOLVER_RET_UNKNOWN,1,32,233.289,0.905377,232.384,0.473899,7.10848,15,8,6,0.188647,0.285252,41.4419,6.19328,35.2486,0.112082,0.116579,0.169412,0.169412,NaN
horse,545.18,rotary,15,598.903,1.09854,Solve_Succeeded,SOLVER_RET_UNKNOWN,1,30,233.537,0.911102,232.626,0.473197,7.09796,15,8,6,0.188565,0.284633,41.1658,5.85135,35.3144,0.112246,0.117029,0.169215,0.169215,NaN
horse,545.18,rotary,15,689.574,1.26486,Solve_Succeeded,SOLVER_RET_UNKNOWN,1,13,234.798,0.923767,233.874,0.472564,7.08847,15,8,6,0.18843,0.284134,40.7168,5.42246,35.2943,0.112317,0.117095,0.169031,0.169329,NaN
horse,545.18,rotary,15,793.972,1.45635,Solve_Succeeded,SOLVER_RET_UNKNOWN,1,13,236.447,0.939044,235.508,0.471714,7.07572,15,8,6,0.188217,0.283497,40.061,4.87134,35.1897,0.112389,0.11721,0.168824,0.169407,NaN
horse,545.18,rotary,15,914.176,1.67683,Solve_Succeeded,SOLVER_RET_UNKNOWN,1,13,238.427,0.958076,237.468,0.470724,7.06086,15,8,6,0.187948,0.282776,39.1452,4.09806,35.0471,0.112477,0.117342,0.168554,0.169455,NaN
horse,545.18,rotary,15,1052.58,1.9307,Solve_Succeeded,SOLVER_RET_UNKNOWN,1,13,240.816,0.979827,239.836,0.469607,7.04411,15,8,6,0.187617,0.28199,38.1085,3.3075,34.801,0.112541,0.117482,0.168246,0.169495,NaN
horse,545.18,rotary,15,1211.93,2.223,Solve_Succeeded,SOLVER_RET_UNKNOWN,1,33,236.567,0.954915,235.612,0.468698,7.03047,15,8,6,0.187589,0.281109,42.1834,3.44369,38.7397,0.113146,0.119905,0.167204,0.167204,NaN
horse,545.18,rotary,15,1395.41,2.55955,Solve_Succeeded,SOLVER_RET_UNKNOWN,1,18,239.05,0.966237,238.084,0.467905,7.01858,15,8,6,0.187522,0.280383,41.1848,2.49717,38.6876,0.113339,0.120617,0.166305,0.166829,NaN
horse,545.18,rotary,15,1606.67,2.94705,Solve_Succeeded,SOLVER_RET_UNKNOWN,1,75,237.957,0.968672,236.988,0.460757,6.91136,15,8,6,0.186136,0.274621,42.9768,2.34927,40.6276,0.115,0.125264,0.163716,0.163716,NaN
horse,545.18,rotary,15,1849.92,3.39322,Solve_Succeeded,SOLVER_RET_UNKNOWN,1,34,239.472,0.995607,238.477,0.459623,6.89435,15,8,6,0.185657,0.273966,41.4636,0.820997,40.6426,0.115078,0.126148,0.16271,0.162699,NaN
horse,545.18,rotary,15,2129.99,3.90694,Solve_Succeeded,SOLVER_RET_UNKNOWN,1,25,241.068,1.00316,240.065,0.45843,6.87645,15,8,6,0.185216,0.273214,39.8949,-0.533418,40.4283,0.115144,0.127179,0.161648,0.161701,NaN
horse,545.18,rotary,15,2452.46,4.49843,Solve_Succeeded,SOLVER_RET_UNKNOWN,1,53,240.699,0.953756,239.745,0.46103,6.91545,15,8,6,0.186369,0.274661,36.6169,-4.49782,41.1147,0.114863,0.13039,0.158993,0.158993,NaN
horse,545.18,rotary,15,2823.75,5.17947,Solve_Succeeded,SOLVER_RET_UNKNOWN,1,33,238.216,0.892991,237.323,0.4697,7.0455,15,8,6,0.189928,0.279772,36.4635,-11.9253,48.3888,0.115067,0.132308,0.156986,0.156973,NaN
horse,545.18,rotary,15,3251.25,5.96362,Solve_Succeeded,SOLVER_RET_UNKNOWN,1,9,238.528,0.88809,237.64,0.469465,7.04197,15,8,6,0.189776,0.279689,33.0163,-11.3593,44.3755,0.114727,0.131973,0.157232,0.157426,NaN
horse,545.18,rotary,15,3743.47,6.86649,Solve_Succeeded,SOLVER_RET_UNKNOWN,1,25,237.631,0.885435,236.746,0.469597,7.04396,15,8,6,0.189767,0.279831,29.7689,-11.0393,40.8081,0.1147,0.131606,0.157314,0.157616,NaN
horse,545.18,rotary,15,4310.22,7.90604,Solve_Succeeded,SOLVER_RET_UNKNOWN,1,21,230.679,0.864403,229.815,0.472483,7.08725,15,8,6,0.190121,0.282363,28.8814,-12.7791,41.6605,0.114497,0.131269,0.156238,0.156791,NaN
horse,545.18,rotary,15,4962.76,9.10298,Solve_Succeeded,SOLVER_RET_UNKNOWN,1,15,228.723,0.857641,227.866,0.4727,7.09051,15,8,6,0.189888,0.282813,26.1467,-12.9994,39.1462,0.114252,0.130859,0.156114,0.15678,NaN
horse,545.18,rotary,15,5714.1,10.4811,Solve_Succeeded,SOLVER_RET_UNKNOWN,1,75,222.54,0.820641,221.719,0.473092,7.09637,15,8,6,0.189914,0.283177,25.6864,-18.2001,43.8865,0.114126,0.130827,0.156479,0.156479,NaN
horse,545.18,rotary,15,6579.19,12.0679,Solve_Succeeded,SOLVER_RET_UNKNOWN,1,26,219.536,0.807356,218.729,0.472573,7.0886,15,8,6,0.189787,0.282786,23.4215,-18.9218,42.3433,0.114104,0.13049,0.157035,0.156979,NaN
horse,545.18,rotary,15,7575.25,13.895,Solve_Succeeded,SOLVER_RET_UNKNOWN,1,22,216.739,0.778656,215.96,0.471617,7.07426,15,8,6,0.189404,0.282214,21.8363,-20.4913,42.3276,0.114148,0.130932,0.157002,0.156779,NaN
horse,545.18,rotary,15,8722.11,15.9986,Solve_Succeeded,SOLVER_RET_UNKNOWN,1,23,215.094,0.772374,214.322,0.471537,7.07306,15,8,6,0.189453,0.282084,19.1073,-18.8501,37.9574,0.114482,0.130696,0.157105,0.156619,NaN
horse,545.18,rotary,15,10042.6,18.4207,Solve_Succeeded,SOLVER_RET_UNKNOWN,1,37,214.119,0.769515,213.349,0.47124,7.06859,15,8,6,0.189246,0.281994,16.6159,-17.2787,33.8946,0.114727,0.130479,0.157007,0.156551,NaN
horse,545.18,rotary,15,11563,21.2095,Solve_Succeeded,SOLVER_RET_UNKNOWN,1,21,213.805,0.761923,213.043,0.47111,7.06665,15,8,6,0.189123,0.281987,14.5343,-15.4058,29.9401,0.115093,0.130181,0.156944,0.156447,NaN
horse,545.18,rotary,15,13313.6,24.4205,Solve_Succeeded,SOLVER_RET_UNKNOWN,1,29,212.905,0.763514,212.141,0.469573,7.04359,15,8,6,0.188864,0.280709,12.454,-14.159,26.613,0.115558,0.130238,0.157323,0.156318,NaN
horse,545.18,rotary,15,15329.2,28.1177,Solve_Succeeded,SOLVER_RET_UNKNOWN,1,11,213.18,0.755966,212.424,0.469169,7.03754,15,8,6,0.188711,0.280458,10.9559,-12.4163,23.3722,0.115808,0.130073,0.157104,0.156313,NaN
horse,545.18,rotary,15,17650,32.3746,Solve_Succeeded,SOLVER_RET_UNKNOWN,1,36,212.748,0.750336,211.998,0.468264,7.02397,15,8,6,0.188401,0.279864,9.35223,-11.2784,20.6306,0.116068,0.130032,0.1572,0.156146,NaN
horse,545.18,rotary,15,20322.1,37.2759,Solve_Succeeded,SOLVER_RET_UNKNOWN,1,42,212.676,0.743248,211.933,0.467346,7.01019,15,8,6,0.188132,0.279213,8.08498,-10.1273,18.2123,0.11629,0.129981,0.157266,0.155998,NaN
horse,545.18,rotary,15,23398.8,42.9193,Solve_Succeeded,SOLVER_RET_UNKNOWN,1,27,212.663,0.734943,211.928,0.466471,6.99706,15,8,6,0.18789,0.278581,7.03109,-9.05631,16.0874,0.116492,0.129937,0.157335,0.155838,NaN
horse,545.18,rotary,15,26941.2,49.4171,Solve_Succeeded,SOLVER_RET_UNKNOWN,1,36,212.355,0.72488,211.63,0.465323,6.97985,15,8,6,0.187513,0.277811,6.11024,-8.26944,14.3797,0.116588,0.129974,0.157377,0.155623,NaN
horse,545.18,rotary,15,31020,56.8987,Solve_Succeeded,SOLVER_RET_UNKNOWN,1,34,211.283,0.69684,210.586,0.463079,6.94619,15,8,6,0.187437,0.275642,5.22092,-7.52395,12.7449,0.11669,0.130036,0.159005,0.153335,NaN
horse,545.18,rotary,15,35716.3,65.5129,Solve_Succeeded,SOLVER_RET_UNKNOWN,1,14,211.481,0.689663,210.791,0.462488,6.93732,15,8,6,0.18726,0.275228,4.58662,-6.64097,11.2276,0.116912,0.12993,0.158955,0.153283,NaN
horse,545.18,rotary,15,41123.6,75.4312,Solve_Succeeded,SOLVER_RET_UNKNOWN,1,16,211.787,0.683386,211.104,0.46194,6.92911,15,8,6,0.187113,0.274827,4.03649,-5.82815,9.86464,0.117085,0.12987,0.15889,0.153254,NaN
horse,545.18,rotary,15,47349.5,86.8511,Solve_Succeeded,SOLVER_RET_UNKNOWN,1,12,211.705,0.670512,211.035,0.461272,6.91908,15,8,6,0.186735,0.274536,3.51064,-5.24241,8.75305,0.117001,0.129853,0.15868,0.152868,NaN
horse,545.18,rotary,15,54518,100,Solve_Succeeded,SOLVER_RET_UNKNOWN,1,14,211.805,0.659875,211.145,0.460927,6.91391,15,8,6,0.186557,0.27437,3.07206,-4.62873,7.70079,0.117003,0.129765,0.158594,0.152551,NaN
horse,545.18,transverse,8,54.518,0.1,Solve_Succeeded,SOLVER_RET_UNKNOWN,1,33,138.373,0.786287,137.587,0.532808,4.26247,8,8,7,0.306005,0.226804,44.1664,-23.7964,67.9627,0.170208,0.172285,0.226437,0.191328,NaN
horse,545.18,transverse,8,62.7718,0.11514,Solve_Succeeded,SOLVER_RET_UNKNOWN,1,39,133.035,0.83519,132.2,0.524537,4.1963,8,8,7,0.308026,0.216511,44.1222,-29.4618,73.584,0.17508,0.179478,0.224883,0.194792,NaN
horse,545.18,transverse,8,72.2751,0.132571,Solve_Succeeded,SOLVER_RET_UNKNOWN,1,7,133.574,0.835527,132.738,0.524153,4.19322,8,8,7,0.307904,0.216249,44.3016,-29.1619,73.4635,0.175074,0.179563,0.225,0.194845,NaN
horse,545.18,transverse,8,83.2173,0.152642,Solve_Succeeded,SOLVER_RET_UNKNOWN,1,7,134.158,0.836076,133.322,0.523741,4.18993,8,8,7,0.30777,0.215971,44.5612,-28.8685,73.4297,0.175068,0.179672,0.225107,0.194902,NaN
horse,545.18,transverse,8,95.816,0.175751,Solve_Succeeded,SOLVER_RET_UNKNOWN,1,7,134.791,0.836894,133.955,0.523295,4.18636,8,8,7,0.307621,0.215674,44.8059,-28.591,73.3969,0.175064,0.179803,0.225209,0.194963,NaN
horse,545.18,transverse,8,110.322,0.202359,Solve_Succeeded,SOLVER_RET_UNKNOWN,1,7,135.48,0.838265,134.642,0.522801,4.18241,8,8,7,0.307449,0.215352,44.9944,-28.3605,73.3549,0.17507,0.179957,0.225298,0.19503,NaN
horse,545.18,transverse,8,127.024,0.232995,Solve_Succeeded,SOLVER_RET_UNKNOWN,1,6,136.289,0.84071,135.448,0.522196,4.17757,8,8,7,0.307253,0.214943,44.8089,-28.2962,73.105,0.175125,0.180171,0.225356,0.195096,NaN
horse,545.18,transverse,8,146.255,0.26827,Solve_Succeeded,SOLVER_RET_UNKNOWN,1,6,137.148,0.842117,136.306,0.521642,4.17314,8,8,7,0.307087,0.214555,44.859,-28.0484,72.9075,0.17513,0.180379,0.225459,0.195163,NaN
horse,545.18,transverse,8,168.398,0.308884,Solve_Succeeded,SOLVER_RET_UNKNOWN,1,75,133.047,0.894933,132.152,0.511581,4.09265,8,8,7,0.310881,0.200701,44.9995,-26.5053,71.5048,0.184127,0.189485,0.2291,0.202083,NaN
horse,545.18,transverse,8,193.892,0.355648,Solve_Succeeded,SOLVER_RET_UNKNOWN,1,13,133.822,0.897339,132.924,0.511163,4.08931,8,8,7,0.310751,0.200413,44.9971,-26.3936,71.3906,0.184371,0.189751,0.229059,0.202358,NaN
horse,545.18,transverse,8,223.247,0.409492,Solve_Succeeded,SOLVER_RET_UNKNOWN,1,13,134.685,0.899352,133.785,0.510788,4.08631,8,8,7,0.310681,0.200107,44.9911,-26.273,71.2641,0.184666,0.190067,0.228959,0.202657,NaN
horse,545.18,transverse,8,257.045,0.471487,Solve_Succeeded,SOLVER_RET_UNKNOWN,1,23,135.231,0.907049,134.324,0.51,4.08,8,8,7,0.310847,0.199153,44.9998,-25.5555,70.5553,0.185901,0.191194,0.229448,0.203802,NaN
horse,545.18,transverse,8,295.961,0.542867,Solve_Succeeded,SOLVER_RET_UNKNOWN,1,13,136.362,0.905402,135.456,0.50975,4.078,8,8,7,0.310985,0.198765,44.7257,-25.221,69.9467,0.186183,0.191684,0.229301,0.204056,NaN
horse,545.18,transverse,8,340.768,0.625055,Solve_Succeeded,SOLVER_RET_UNKNOWN,1,33,134.413,0.912539,133.5,0.514986,4.11989,8,8,7,0.324299,0.190687,45,-19.6651,64.665,0.203475,0.198331,0.227918,0.201278,NaN
horse,545.18,transverse,8,392.358,0.719686,Solve_Succeeded,SOLVER_RET_UNKNOWN,1,33,135.173,0.895044,134.278,0.516892,4.13513,8,8,7,0.326116,0.190776,44.9999,-18.4784,63.4784,0.203478,0.198201,0.229239,0.203478,NaN
horse,545.18,transverse,8,451.76,0.828643,Solve_Succeeded,SOLVER_RET_UNKNOWN,1,8,136.802,0.888996,135.913,0.516735,4.13388,8,8,7,0.326333,0.190402,44.7068,-17.9123,62.6191,0.203375,0.198369,0.229458,0.203742,NaN
horse,545.18,transverse,8,520.154,0.954096,Solve_Succeeded,SOLVER_RET_UNKNOWN,1,9,138.513,0.885993,137.627,0.516533,4.13226,8,8,7,0.326449,0.190084,44.3121,-17.5625,61.8746,0.20342,0.198704,0.229388,0.20407,NaN
horse,545.18,transverse,8,598.903,1.09854,Solve_Succeeded,SOLVER_RET_UNKNOWN,1,12,140.402,0.883527,139.518,0.516375,4.131,8,8,7,0.326578,0.189797,43.8515,-17.2194,61.071,0.203416,0.19898,0.229208,0.204386,NaN
horse,545.18,transverse,8,689.574,1.26486,Solve_Succeeded,SOLVER_RET_UNKNOWN,1,9,143.799,0.847773,142.951,0.514956,4.11965,8,8,7,0.327282,0.187674,43.0634,-16.8602,59.9236,0.204461,0.200136,0.229295,0.205278,NaN
horse,545.18,transverse,8,793.972,1.45635,Solve_Succeeded,SOLVER_RET_UNKNOWN,1,45,141.739,0.806347,140.933,0.518362,4.14689,8,8,7,0.329982,0.18838,39.938,-13.478,53.4159,0.20301,0.204175,0.229401,0.203009,NaN
horse,545.18,transverse,8,914.176,1.67683,Solve_Succeeded,SOLVER_RET_UNKNOWN,1,43,142.123,0.768012,141.355,0.521668,4.17334,8,8,7,0.334267,0.187401,31.4724,-15.4922,46.9646,0.202082,0.210254,0.228426,0.202011,NaN
horse,545.18,transverse,8,1052.58,1.9307,Solve_Succeeded,SOLVER_RET_UNKNOWN,1,43,142.797,0.731227,142.066,0.527365,4.21892,8,8,7,0.338284,0.189081,25.9461,-16.5216,42.4677,0.202817,0.212359,0.226282,0.201425,NaN
horse,545.18,transverse,8,1211.93,2.223,Solve_Succeeded,SOLVER_RET_UNKNOWN,1,38,142.429,0.720945,141.708,0.537728,4.30183,8,8,7,0.34673,0.190998,22.4633,-19.7724,42.2357,0.205629,0.217667,0.221503,0.197161,NaN
horse,545.18,transverse,8,1395.41,2.55955,Solve_Succeeded,SOLVER_RET_UNKNOWN,1,54,141.966,0.690227,141.276,0.542457,4.33965,8,8,7,0.350779,0.191678,22.6298,-21.3277,43.9575,0.206552,0.219765,0.220328,0.192771,NaN
horse,545.18,transverse,8,1606.67,2.94705,Solve_Succeeded,SOLVER_RET_UNKNOWN,1,12,141.743,0.669889,141.073,0.544233,4.35386,8,8,7,0.351874,0.192359,21.6077,-21.3332,42.9408,0.205889,0.219565,0.220358,0.193066,NaN
horse,545.18,transverse,8,1849.92,3.39322,Solve_Succeeded,SOLVER_RET_UNKNOWN,1,42,140.835,0.626515,140.209,0.551514,4.41211,8,8,7,0.357299,0.194215,22.3368,-22.1425,44.4792,0.207266,0.219664,0.21899,0.19252,NaN
horse,545.18,transverse,8,2129.99,3.90694,Solve_Succeeded,SOLVER_RET_UNKNOWN,1,6,141.499,0.608195,140.891,0.551523,4.41219,8,8,7,0.357542,0.193982,21.3022,-20.4567,41.7589,0.207619,0.218962,0.22029,0.192722,NaN
horse,545.18,transverse,8,2452.46,4.49843,Solve_Succeeded,SOLVER_RET_UNKNOWN,1,24,139.448,0.574324,138.874,0.555718,4.44574,8,8,7,0.359745,0.195973,21.3938,-19.0804,40.4742,0.207552,0.218307,0.219608,0.192052,NaN
horse,545.18,transverse,8,2823.75,5.17947,Solve_Succeeded,SOLVER_RET_UNKNOWN,1,65,127.979,0.499319,127.48,0.548744,4.38995,8,8,7,0.401309,0.147435,24.1619,-14.4765,38.6384,0.238456,0.210331,0.20515,0.200589,NaN
horse,545.18,transverse,8,3251.25,5.96362,Solve_Succeeded,SOLVER_RET_UNKNOWN,1,32,126.822,0.477571,126.345,0.547983,4.38387,8,8,7,0.400406,0.147577,22.7546,-14.1308,36.8853,0.23701,0.209984,0.206276,0.201613,NaN
horse,545.18,transverse,8,3743.47,6.86649,Solve_Succeeded,SOLVER_RET_UNKNOWN,1,34,125.845,0.454555,125.39,0.546523,4.37219,8,8,7,0.399127,0.147396,21.2449,-13.3526,34.5976,0.234915,0.209584,0.207753,0.203157,NaN
horse,545.18,transverse,8,4310.22,7.90604,Solve_Succeeded,SOLVER_RET_UNKNOWN,1,38,125.081,0.443023,124.638,0.546719,4.37376,8,8,7,0.399023,0.147697,19.7748,-12.3459,32.1207,0.234192,0.209339,0.207871,0.203738,NaN
horse,545.18,transverse,8,4962.76,9.10298,Solve_Succeeded,SOLVER_RET_UNKNOWN,1,27,124.748,0.430752,124.317,0.546179,4.36944,8,8,7,0.39847,0.14771,18.4562,-11.1287,29.5849,0.233689,0.209174,0.207948,0.204403,NaN
horse,545.18,transverse,8,5714.1,10.4811,Solve_Succeeded,SOLVER_RET_UNKNOWN,1,51,123.908,0.409322,123.498,0.545016,4.36013,8,8,7,0.396753,0.148263,17.3139,-10.6122,27.9262,0.230441,0.208267,0.208994,0.206391,NaN
horse,545.18,transverse,8,6579.19,12.0679,Solve_Succeeded,SOLVER_RET_UNKNOWN,1,18,123.421,0.386787,123.034,0.543649,4.34919,8,8,7,0.395095,0.148554,16.0143,-9.73425,25.7485,0.226578,0.207579,0.21006,0.20832,NaN
horse,545.18,transverse,8,7575.25,13.895,Solve_Succeeded,SOLVER_RET_UNKNOWN,1,17,123.085,0.377304,122.707,0.543403,4.34723,8,8,7,0.394831,0.148572,14.7407,-8.82675,23.5675,0.2254,0.20749,0.210017,0.209331,NaN
horse,545.18,transverse,8,8722.11,15.9986,Solve_Succeeded,SOLVER_RET_UNKNOWN,1,32,122.835,0.369397,122.465,0.543104,4.34483,8,8,7,0.394564,0.14854,13.5924,-7.91304,21.5054,0.224624,0.207418,0.209787,0.210298,NaN
horse,545.18,transverse,8,10042.6,18.4207,Solve_Succeeded,SOLVER_RET_UNKNOWN,1,38,122.488,0.355676,122.132,0.542463,4.3397,8,8,7,0.393786,0.148677,12.4558,-7.25004,19.7058,0.221908,0.206826,0.209866,0.211965,NaN
horse,545.18,transverse,8,11563,21.2095,Solve_Succeeded,SOLVER_RET_UNKNOWN,1,19,122.222,0.343028,121.879,0.541596,4.33277,8,8,7,0.39279,0.148806,11.3733,-6.55664,17.9299,0.219089,0.20649,0.209939,0.213838,NaN
horse,545.18,transverse,8,13313.6,24.4205,Solve_Succeeded,SOLVER_RET_UNKNOWN,1,13,122.005,0.331931,121.673,0.539492,4.31594,8,8,7,0.391607,0.147885,10.3443,-5.83851,16.1828,0.217754,0.206512,0.210111,0.215177,NaN
horse,545.18,transverse,8,15329.2,28.1177,Solve_Succeeded,SOLVER_RET_UNKNOWN,1,19,121.73,0.328985,121.401,0.539715,4.31772,8,8,7,0.391934,0.147781,9.37827,-5.15117,14.5294,0.217164,0.206608,0.209727,0.215953,NaN
horse,545.18,transverse,8,17650,32.3746,Solve_Succeeded,SOLVER_RET_UNKNOWN,1,40,121.133,0.317196,120.816,0.539981,4.31985,8,8,7,0.39482,0.145161,8.38865,-4.62169,13.0103,0.211089,0.205957,0.210616,0.217799,NaN
horse,545.18,transverse,8,20322.1,37.2759,Solve_Succeeded,SOLVER_RET_UNKNOWN,1,24,120.842,0.308875,120.533,0.539073,4.31258,8,8,7,0.396294,0.142779,7.52656,-4.0727,11.5993,0.209753,0.20647,0.211601,0.218618,NaN
horse,545.18,transverse,8,23398.8,42.9193,Solve_Succeeded,SOLVER_RET_UNKNOWN,1,25,120.657,0.304144,120.353,0.538597,4.30878,8,8,7,0.395989,0.142608,6.76581,-3.57567,10.3415,0.209036,0.206593,0.211839,0.219155,NaN
horse,545.18,transverse,8,26941.2,49.4171,Solve_Succeeded,SOLVER_RET_UNKNOWN,1,25,120.486,0.298163,120.188,0.538915,4.31132,8,8,7,0.396443,0.142472,6.07473,-3.12771,9.20244,0.207761,0.20645,0.21288,0.219875,NaN
horse,545.18,transverse,8,31020,56.8987,Solve_Succeeded,SOLVER_RET_UNKNOWN,1,10,120.368,0.294641,120.073,0.538536,4.30829,8,8,7,0.395902,0.142634,5.46069,-2.74578,8.20647,0.207239,0.206324,0.212853,0.220241,NaN
horse,545.18,transverse,8,35716.3,65.5129,Solve_Succeeded,SOLVER_RET_UNKNOWN,1,16,120.246,0.288171,119.958,0.538208,4.30566,8,8,7,0.395518,0.14269,4.88379,-2.41246,7.29625,0.206477,0.206795,0.212845,0.220248,NaN
horse,545.18,transverse,8,41123.6,75.4312,Solve_Succeeded,SOLVER_RET_UNKNOWN,1,18,120.163,0.284435,119.879,0.537825,4.3026,8,8,7,0.394998,0.142827,4.3585,-2.12164,6.48014,0.205994,0.206839,0.212747,0.220421,NaN
horse,545.18,transverse,8,47349.5,86.8511,Solve_Succeeded,SOLVER_RET_UNKNOWN,1,14,120.105,0.28025,119.825,0.537364,4.29891,8,8,7,0.394406,0.142959,3.87475,-1.8555,5.73025,0.205405,0.206909,0.212801,0.220514,NaN
horse,545.18,transverse,8,54518,100,Solve_Succeeded,SOLVER_RET_UNKNOWN,1,20,120.049,0.275094,119.774,0.537962,4.3037,8,8,7,0.393987,0.143975,3.43444,-1.6315,5.06595,0.204057,0.206732,0.212801,0.220312,NaN
horse,545.18,transverse,10,54.518,0.1,Solve_Succeeded,SOLVER_RET_UNKNOWN,1,66,164.955,0.833992,164.121,0.514463,5.14463,10,8,7,0.272131,0.242332,45,-22.1259,67.1259,0.149986,0.151573,0.208124,0.176085,NaN
horse,545.18,transverse,10,62.7718,0.11514,Solve_Succeeded,SOLVER_RET_UNKNOWN,1,114,158.334,0.879428,157.455,0.493897,4.93897,10,8,7,0.277874,0.216022,45,-21.9925,66.9925,0.157122,0.166565,0.217702,0.183416,NaN
horse,545.18,transverse,10,72.2751,0.132571,Solve_Succeeded,SOLVER_RET_UNKNOWN,1,19,158.575,0.88409,157.691,0.493197,4.93197,10,8,7,0.278411,0.214787,44.9999,-21.8919,66.8918,0.158474,0.167185,0.217996,0.184528,NaN
horse,545.18,transverse,10,83.2173,0.152642,Solve_Succeeded,SOLVER_RET_UNKNOWN,1,16,158.983,0.883843,158.099,0.493077,4.93077,10,8,7,0.278486,0.214591,45,-21.8326,66.8326,0.158582,0.167298,0.218088,0.184572,NaN
horse,545.18,transverse,10,95.816,0.175751,Solve_Succeeded,SOLVER_RET_UNKNOWN,1,17,159.423,0.884535,158.538,0.492888,4.92888,10,8,7,0.278466,0.214422,44.9999,-21.7722,66.7721,0.15865,0.167421,0.21818,0.184698,NaN
horse,545.18,transverse,10,110.322,0.202359,Solve_Succeeded,SOLVER_RET_UNKNOWN,1,21,159.793,0.889862,158.903,0.492346,4.92346,10,8,7,0.278438,0.213908,44.9999,-21.7744,66.7744,0.159579,0.167472,0.218435,0.185237,NaN
horse,545.18,transverse,10,127.024,0.232995,Solve_Succeeded,SOLVER_RET_UNKNOWN,1,8,160.629,0.887715,159.741,0.492006,4.92006,10,8,7,0.278465,0.213541,44.9909,-21.5308,66.5217,0.159912,0.167661,0.218511,0.18513,NaN
horse,545.18,transverse,10,146.255,0.26827,Solve_Succeeded,SOLVER_RET_UNKNOWN,1,8,161.478,0.886344,160.591,0.491642,4.91642,10,8,7,0.278445,0.213197,44.9943,-21.2729,66.2672,0.160058,0.167878,0.218578,0.185126,NaN
horse,545.18,transverse,10,168.398,0.308884,Solve_Succeeded,SOLVER_RET_UNKNOWN,1,8,162.39,0.884989,161.505,0.491263,4.91263,10,8,7,0.278416,0.212847,44.9923,-20.9998,65.9921,0.160189,0.168112,0.218645,0.185139,NaN
horse,545.18,transverse,10,193.892,0.355648,Solve_Succeeded,SOLVER_RET_UNKNOWN,1,64,162.108,0.888792,161.219,0.491035,4.91035,10,8,7,0.279333,0.211702,45,-20.9376,65.9376,0.161882,0.168375,0.219816,0.18531,NaN
horse,545.18,transverse,10,223.247,0.409492,Solve_Succeeded,SOLVER_RET_UNKNOWN,1,9,163.263,0.884353,162.378,0.49076,4.9076,10,8,7,0.279447,0.211313,45,-20.5524,65.5524,0.162481,0.168571,0.219937,0.185311,NaN
horse,545.18,transverse,10,257.045,0.471487,Solve_Succeeded,SOLVER_RET_UNKNOWN,1,8,164.456,0.882363,163.574,0.490326,4.90326,10,8,7,0.27942,0.210906,44.9953,-20.1726,65.1679,0.162652,0.168843,0.220018,0.185366,NaN
horse,545.18,transverse,10,295.961,0.542867,Solve_Succeeded,SOLVER_RET_UNKNOWN,1,8,165.759,0.879278,164.88,0.489947,4.89947,10,8,7,0.279435,0.210512,44.9906,-19.7023,64.6929,0.162833,0.169119,0.220124,0.185461,NaN
horse,545.18,transverse,10,340.768,0.625055,Solve_Succeeded,SOLVER_RET_UNKNOWN,1,43,165.84,0.870666,164.969,0.489352,4.89352,10,8,7,0.28056,0.208792,45,-18.6178,63.6178,0.162726,0.170124,0.22276,0.185521,NaN
horse,545.18,transverse,10,392.358,0.719686,Solve_Succeeded,SOLVER_RET_UNKNOWN,1,9,167.516,0.866295,166.65,0.488889,4.88889,10,8,7,0.280612,0.208277,44.9601,-18.1385,63.0987,0.163212,0.170434,0.222808,0.185504,NaN
horse,545.18,transverse,10,451.76,0.828643,Solve_Succeeded,SOLVER_RET_UNKNOWN,1,8,169.231,0.862914,168.368,0.48834,4.8834,10,8,7,0.28053,0.20781,44.957,-17.5416,62.4986,0.163186,0.170776,0.222899,0.185694,NaN
horse,545.18,transverse,10,520.154,0.954096,Solve_Succeeded,SOLVER_RET_UNKNOWN,1,10,171.154,0.860034,170.294,0.487752,4.87752,10,8,7,0.280395,0.207357,44.9239,-16.9837,61.9076,0.163219,0.17115,0.22293,0.185895,NaN
horse,545.18,transverse,10,598.903,1.09854,Solve_Succeeded,SOLVER_RET_UNKNOWN,1,142,171.196,0.838258,170.358,0.485888,4.85888,10,8,7,0.281979,0.203909,45,-13.2014,58.2014,0.163937,0.176703,0.225918,0.184967,NaN
horse,545.18,transverse,10,689.574,1.26486,Solve_Succeeded,SOLVER_RET_UNKNOWN,1,8,173.533,0.830929,172.702,0.485348,4.85348,10,8,7,0.281943,0.203405,44.4679,-12.6663,57.1343,0.164085,0.177105,0.225944,0.185067,NaN
horse,545.18,transverse,10,793.972,1.45635,Solve_Succeeded,SOLVER_RET_UNKNOWN,1,39,174.273,0.713561,173.56,0.485046,4.85046,10,8,7,0.285321,0.199726,45,-2.09344,47.0934,0.165037,0.183942,0.226237,0.18363,NaN
horse,545.18,transverse,10,914.176,1.67683,Solve_Succeeded,SOLVER_RET_UNKNOWN,1,61,175.678,0.655341,175.023,0.485141,4.85141,10,8,7,0.288347,0.196794,45,0.385709,44.6143,0.168229,0.185964,0.224208,0.182226,NaN
horse,545.18,transverse,10,1052.58,1.9307,Solve_Succeeded,SOLVER_RET_UNKNOWN,1,25,177.484,0.648444,176.835,0.485855,4.85855,10,8,7,0.288708,0.197147,43.1804,-0.542644,43.7231,0.168337,0.186364,0.223119,0.18179,NaN
horse,545.18,transverse,10,1211.93,2.223,Solve_Succeeded,SOLVER_RET_UNKNOWN,1,8,180.53,0.652639,179.878,0.484889,4.84889,10,8,7,0.288152,0.196737,39.8716,-2.3353,42.2069,0.168815,0.186602,0.222892,0.182015,NaN
horse,545.18,transverse,10,1395.41,2.55955,Solve_Succeeded,SOLVER_RET_UNKNOWN,1,8,183.445,0.655498,182.789,0.484118,4.84118,10,8,7,0.287673,0.196445,36.6065,-3.98935,40.5958,0.169076,0.186811,0.222529,0.1824,NaN
horse,545.18,transverse,10,1606.67,2.94705,Solve_Succeeded,SOLVER_RET_UNKNOWN,1,8,186.489,0.656297,185.832,0.483396,4.83396,10,8,7,0.287246,0.196151,33.3804,-5.42493,38.8053,0.169454,0.186997,0.222286,0.182849,NaN
horse,545.18,transverse,10,1849.92,3.39322,Solve_Succeeded,SOLVER_RET_UNKNOWN,1,8,189.493,0.65545,188.837,0.482819,4.82819,10,8,7,0.28691,0.195909,30.2273,-6.62681,36.8541,0.169766,0.187084,0.222073,0.183353,NaN
horse,545.18,transverse,10,2129.99,3.90694,Solve_Succeeded,SOLVER_RET_UNKNOWN,1,38,181.516,0.647791,180.869,0.493857,4.93857,10,8,7,0.294137,0.19972,24.2224,-14.0112,38.2335,0.169767,0.1876,0.217059,0.180524,NaN
horse,545.18,transverse,10,2452.46,4.49843,Solve_Succeeded,SOLVER_RET_UNKNOWN,1,64,170.599,0.626688,169.973,0.529282,5.29282,10,8,7,0.320412,0.20887,27.5373,-22.0423,49.5796,0.172989,0.186689,0.207245,0.171739,NaN
horse,545.18,transverse,10,2823.75,5.17947,Solve_Succeeded,SOLVER_RET_UNKNOWN,1,83,163.369,0.680932,162.688,0.545281,5.45281,10,8,7,0.342187,0.203094,29.9244,-18.648,48.5724,0.191357,0.17407,0.197736,0.176234,NaN
horse,545.18,transverse,10,3251.25,5.96362,Solve_Succeeded,SOLVER_RET_UNKNOWN,1,9,162.054,0.653377,161.4,0.544856,5.44856,10,8,7,0.341221,0.203635,28.17,-17.456,45.6259,0.191027,0.173547,0.198623,0.176415,NaN
horse,545.18,transverse,10,3743.47,6.86649,Solve_Succeeded,SOLVER_RET_UNKNOWN,1,64,158.225,0.585024,157.64,0.532423,5.32423,10,8,7,0.347725,0.184698,26.0415,-18.2198,44.2613,0.206487,0.179741,0.192411,0.187676,NaN
horse,545.18,transverse,10,4310.22,7.90604,Solve_Succeeded,SOLVER_RET_UNKNOWN,1,35,156.687,0.560962,156.126,0.530544,5.30544,10,8,7,0.348857,0.181688,24.5579,-17.5533,42.1111,0.207348,0.180224,0.193219,0.189845,NaN
horse,545.18,transverse,10,4962.76,9.10298,Solve_Succeeded,SOLVER_RET_UNKNOWN,1,20,155.487,0.542836,154.944,0.528935,5.28935,10,8,7,0.347184,0.18175,22.9988,-16.0882,39.087,0.206099,0.179544,0.19388,0.190806,NaN
horse,545.18,transverse,10,5714.1,10.4811,Solve_Succeeded,SOLVER_RET_UNKNOWN,1,66,155.239,0.510286,154.729,0.524587,5.24587,10,8,7,0.343696,0.180891,20.8877,-14.2085,35.0962,0.204223,0.182089,0.196779,0.192269,NaN
horse,545.18,transverse,10,6579.19,12.0679,Solve_Succeeded,SOLVER_RET_UNKNOWN,1,47,153.441,0.497319,152.944,0.525638,5.25638,10,8,7,0.344347,0.181291,19.9754,-13.0569,33.0323,0.199989,0.177973,0.196807,0.194498,NaN
horse,545.18,transverse,10,7575.25,13.895,Solve_Succeeded,SOLVER_RET_UNKNOWN,1,24,152.636,0.483852,152.153,0.524683,5.24683,10,8,7,0.343267,0.181416,18.3057,-11.7652,30.0709,0.198851,0.177493,0.196696,0.195552,NaN
horse,545.18,transverse,10,8722.11,15.9986,Solve_Succeeded,SOLVER_RET_UNKNOWN,1,23,151.949,0.472527,151.476,0.52395,5.2395,10,8,7,0.342504,0.181447,16.6239,-10.4843,27.1082,0.198127,0.177264,0.196315,0.196518,NaN
horse,545.18,transverse,10,10042.6,18.4207,Solve_Succeeded,SOLVER_RET_UNKNOWN,1,29,151.313,0.455899,150.858,0.523198,5.23198,10,8,7,0.341378,0.18182,15.0872,-9.31759,24.4048,0.195796,0.176687,0.196688,0.197992,NaN
horse,545.18,transverse,10,11563,21.2095,Solve_Succeeded,SOLVER_RET_UNKNOWN,1,25,150.785,0.446429,150.339,0.522579,5.22579,10,8,7,0.340696,0.181882,13.6523,-8.18518,21.8375,0.195258,0.176537,0.196363,0.198609,NaN
horse,545.18,transverse,10,13313.6,24.4205,Solve_Succeeded,SOLVER_RET_UNKNOWN,1,23,150.278,0.434708,149.843,0.521784,5.21784,10,8,7,0.339593,0.182192,12.4575,-7.1916,19.6491,0.193775,0.176292,0.196011,0.199742,NaN
horse,545.18,transverse,10,15329.2,28.1177,Solve_Succeeded,SOLVER_RET_UNKNOWN,1,25,149.822,0.426502,149.395,0.521508,5.21508,10,8,7,0.339016,0.182492,11.3031,-6.28493,17.588,0.192328,0.175885,0.19634,0.200567,NaN
horse,545.18,transverse,10,17650,32.3746,Solve_Succeeded,SOLVER_RET_UNKNOWN,1,31,149.421,0.417573,149.004,0.520986,5.20986,10,8,7,0.338142,0.182844,10.2398,-5.49104,15.7308,0.19128,0.175677,0.196121,0.20113,NaN
horse,545.18,transverse,10,20322.1,37.2759,Solve_Succeeded,SOLVER_RET_UNKNOWN,1,10,149.067,0.409553,148.657,0.520618,5.20618,10,8,7,0.337173,0.183445,9.24341,-4.77879,14.0222,0.190138,0.175343,0.195887,0.201531,NaN
horse,545.18,transverse,10,23398.8,42.9193,Solve_Succeeded,SOLVER_RET_UNKNOWN,1,36,148.734,0.402605,148.331,0.520657,5.20657,10,8,7,0.336316,0.184342,8.36486,-4.17657,12.5414,0.188746,0.174862,0.195702,0.201873,NaN
horse,545.18,transverse,10,26941.2,49.4171,Solve_Succeeded,SOLVER_RET_UNKNOWN,1,21,148.449,0.394341,148.055,0.520017,5.20017,10,8,7,0.335294,0.184723,7.55779,-3.66983,11.2276,0.187933,0.174778,0.195485,0.20196,NaN
horse,545.18,transverse,10,31020,56.8987,Solve_Succeeded,SOLVER_RET_UNKNOWN,1,22,148.203,0.387672,147.815,0.519372,5.19372,10,8,7,0.334554,0.184818,6.79753,-3.22667,10.0242,0.187298,0.174829,0.195377,0.20217,NaN
horse,545.18,transverse,10,35716.3,65.5129,Solve_Succeeded,SOLVER_RET_UNKNOWN,1,13,147.991,0.381767,147.609,0.518915,5.18915,10,8,7,0.333854,0.185061,6.08995,-2.82206,8.91201,0.18674,0.174934,0.195108,0.202215,NaN
horse,545.18,transverse,10,41123.6,75.4312,Solve_Succeeded,SOLVER_RET_UNKNOWN,1,15,147.815,0.370762,147.444,0.518067,5.18067,10,8,7,0.332618,0.185449,5.42211,-2.48269,7.9048,0.18574,0.17495,0.195086,0.202078,NaN
horse,545.18,transverse,10,47349.5,86.8511,Solve_Succeeded,SOLVER_RET_UNKNOWN,1,34,147.594,0.357391,147.237,0.517542,5.17542,10,8,7,0.33054,0.187001,4.77519,-2.17093,6.94612,0.183284,0.174512,0.195416,0.201395,NaN
horse,545.18,transverse,10,54518,100,Solve_Succeeded,SOLVER_RET_UNKNOWN,1,14,147.48,0.352664,147.127,0.516805,5.16805,10,8,7,0.330018,0.186787,4.23545,-1.9013,6.13675,0.183133,0.174882,0.195328,0.201407,NaN
horse,545.18,transverse,12,54.518,0.1,Solve_Succeeded,SOLVER_RET_UNKNOWN,1,60,192.259,0.913812,191.346,0.479887,5.75864,12,8,7,0.24929,0.230597,45,-13.9524,58.9524,0.142332,0.148767,0.199175,0.171536,NaN
horse,545.18,transverse,12,62.7718,0.11514,Solve_Succeeded,SOLVER_RET_UNKNOWN,1,27,192.536,0.91206,191.624,0.47975,5.757,12,8,7,0.249281,0.230469,45,-13.9021,58.9021,0.142426,0.148799,0.199291,0.171525,NaN
horse,545.18,transverse,12,72.2751,0.132571,Solve_Succeeded,SOLVER_RET_UNKNOWN,1,9,193.139,0.910597,192.228,0.479462,5.75354,12,8,7,0.249271,0.230191,44.9801,-13.7299,58.71,0.142585,0.148926,0.199399,0.171514,NaN
horse,545.18,transverse,12,83.2173,0.152642,Solve_Succeeded,SOLVER_RET_UNKNOWN,1,8,193.81,0.908897,192.901,0.479153,5.74983,12,8,7,0.249259,0.229893,44.9792,-13.5266,58.5058,0.142757,0.149094,0.1995,0.171499,NaN
horse,545.18,transverse,12,95.816,0.175751,Solve_Succeeded,SOLVER_RET_UNKNOWN,1,8,194.534,0.90676,193.627,0.478843,5.74612,12,8,7,0.249249,0.229594,44.9794,-13.2822,58.2615,0.142929,0.149275,0.199595,0.17149,NaN
horse,545.18,transverse,12,110.322,0.202359,Solve_Succeeded,SOLVER_RET_UNKNOWN,1,33,193.946,0.906578,193.04,0.478948,5.74737,12,8,7,0.249421,0.229526,45,-13.755,58.755,0.142784,0.149045,0.20004,0.171685,NaN
horse,545.18,transverse,12,127.024,0.232995,Solve_Succeeded,SOLVER_RET_UNKNOWN,1,8,208.619,0.906193,207.713,0.509187,6.11024,12,8,7,0.259553,0.249633,44.9741,-13.5618,58.5359,0.134988,0.144685,0.188033,0.176894,NaN
horse,545.18,transverse,12,146.255,0.26827,Solve_Succeeded,SOLVER_RET_UNKNOWN,1,46,195.054,0.899862,194.154,0.478752,5.74503,12,8,7,0.249915,0.228837,45,-13.6748,58.6748,0.142867,0.149611,0.199675,0.172727,NaN
horse,545.18,transverse,12,168.398,0.308884,Solve_Succeeded,SOLVER_RET_UNKNOWN,1,42,195.459,0.900159,194.559,0.478234,5.73881,12,8,7,0.249575,0.228659,45,-13.5808,58.5808,0.143325,0.149221,0.200862,0.171784,NaN
horse,545.18,transverse,12,193.892,0.355648,Solve_Succeeded,SOLVER_RET_UNKNOWN,1,18,196.099,0.897858,195.201,0.478082,5.73699,12,8,7,0.24968,0.228402,44.9999,-13.4006,58.4005,0.143378,0.14942,0.201192,0.171832,NaN
horse,545.18,transverse,12,223.247,0.409492,Solve_Succeeded,SOLVER_RET_UNKNOWN,1,26,196.755,0.896135,195.859,0.477502,5.73003,12,8,7,0.249766,0.227737,44.9998,-13.2274,58.2272,0.143522,0.149578,0.201373,0.172123,NaN
horse,545.18,transverse,12,257.045,0.471487,Solve_Succeeded,SOLVER_RET_UNKNOWN,1,25,197.515,0.890517,196.625,0.477147,5.72576,12,8,7,0.249831,0.227316,45,-12.8038,57.8038,0.143585,0.149774,0.201674,0.172145,NaN
horse,545.18,transverse,12,295.961,0.542867,Solve_Succeeded,SOLVER_RET_UNKNOWN,1,19,198.365,0.87866,197.486,0.476977,5.72373,12,8,7,0.250083,0.226895,44.9997,-12.1386,57.1383,0.143547,0.149953,0.202277,0.172146,NaN
horse,545.18,transverse,12,340.768,0.625055,Solve_Succeeded,SOLVER_RET_UNKNOWN,1,26,199.292,0.8662,198.426,0.476643,5.71971,12,8,7,0.250302,0.22634,45,-11.4964,56.4964,0.143538,0.150164,0.202922,0.172051,NaN
horse,545.18,transverse,12,392.358,0.719686,Solve_Succeeded,SOLVER_RET_UNKNOWN,1,7,201.349,0.862156,200.487,0.475758,5.7091,12,8,7,0.250222,0.225537,44.5078,-11.1029,55.6106,0.143856,0.150568,0.203077,0.172018,NaN
horse,545.18,transverse,12,451.76,0.828643,Solve_Succeeded,SOLVER_RET_UNKNOWN,1,32,201.526,0.847417,200.679,0.476038,5.71246,12,8,7,0.250808,0.22523,45,-10.2614,55.2614,0.143619,0.15086,0.20389,0.172115,NaN
horse,545.18,transverse,12,520.154,0.954096,Solve_Succeeded,SOLVER_RET_UNKNOWN,1,20,202.885,0.842133,202.043,0.475805,5.70965,12,8,7,0.250964,0.224841,45,-9.80774,54.8077,0.143617,0.151397,0.204214,0.172216,NaN
horse,545.18,transverse,12,598.903,1.09854,Solve_Succeeded,SOLVER_RET_UNKNOWN,1,25,204.389,0.832131,203.557,0.474796,5.69755,12,8,7,0.251242,0.223554,44.9998,-8.91559,53.9154,0.143746,0.152167,0.204836,0.172226,NaN
horse,545.18,transverse,12,689.574,1.26486,Solve_Succeeded,SOLVER_RET_UNKNOWN,1,8,207.07,0.825644,206.244,0.474144,5.68972,12,8,7,0.251227,0.222917,44.3113,-8.37243,52.6838,0.14405,0.152492,0.205018,0.172141,NaN
horse,545.18,transverse,12,793.972,1.45635,Solve_Succeeded,SOLVER_RET_UNKNOWN,1,51,208.02,0.818585,207.201,0.473628,5.68353,12,8,7,0.251463,0.222165,44.9998,-7.6994,52.6992,0.142419,0.153684,0.205875,0.171371,NaN
horse,545.18,transverse,12,914.176,1.67683,Solve_Succeeded,SOLVER_RET_UNKNOWN,1,8,211.21,0.813446,210.397,0.472925,5.6751,12,8,7,0.251405,0.22152,43.962,-7.45457,51.4166,0.142745,0.154047,0.205964,0.171302,NaN
horse,545.18,transverse,12,1052.58,1.9307,Solve_Succeeded,SOLVER_RET_UNKNOWN,1,41,212.191,0.829919,211.361,0.474216,5.69059,12,8,7,0.251687,0.222529,40.7788,-7.36823,48.147,0.139977,0.156654,0.204659,0.1694,NaN
horse,545.18,transverse,12,1211.93,2.223,Solve_Succeeded,SOLVER_RET_UNKNOWN,1,132,211.003,0.889549,210.114,0.496164,5.95397,12,8,7,0.274499,0.221665,34.7618,-13.8226,48.5844,0.152282,0.162051,0.194122,0.165715,NaN
horse,545.18,transverse,12,1395.41,2.55955,Solve_Succeeded,SOLVER_RET_UNKNOWN,1,58,209.233,0.949419,208.283,0.515659,6.18791,12,8,7,0.286807,0.228852,30.6789,-20.9342,51.613,0.157215,0.159631,0.187319,0.168386,NaN
horse,545.18,transverse,12,1606.67,2.94705,Solve_Succeeded,SOLVER_RET_UNKNOWN,1,53,207.82,0.964853,206.855,0.520846,6.25016,12,8,7,0.288161,0.232685,30.7065,-21.8274,52.534,0.156226,0.158767,0.187474,0.165985,NaN
horse,545.18,transverse,12,1849.92,3.39322,Solve_Succeeded,SOLVER_RET_UNKNOWN,1,30,206.289,0.960617,205.328,0.523278,6.27933,12,8,7,0.289062,0.234216,30.3865,-22.0042,52.3907,0.15576,0.15813,0.188003,0.165175,NaN
horse,545.18,transverse,12,2129.99,3.90694,Solve_Succeeded,SOLVER_RET_UNKNOWN,1,36,204.525,0.954304,203.57,0.528516,6.34219,12,8,7,0.292272,0.236244,30.7969,-21.6733,52.4702,0.158699,0.156638,0.187597,0.163596,NaN
horse,545.18,transverse,12,2452.46,4.49843,Solve_Succeeded,SOLVER_RET_UNKNOWN,1,29,202.572,0.935901,201.636,0.530222,6.36266,12,8,7,0.292881,0.237341,29.9018,-21.4705,51.3723,0.159052,0.155601,0.18763,0.163254,NaN
horse,545.18,transverse,12,2823.75,5.17947,Solve_Succeeded,SOLVER_RET_UNKNOWN,1,30,200.399,0.91403,199.485,0.534465,6.41358,12,8,7,0.295719,0.238745,30.8026,-21.0394,51.842,0.162819,0.152968,0.187188,0.162586,NaN
horse,545.18,transverse,12,3251.25,5.96362,Solve_Succeeded,SOLVER_RET_UNKNOWN,1,17,198.328,0.888607,197.439,0.53517,6.42204,12,8,7,0.295905,0.239265,29.8711,-21.1637,51.0348,0.163286,0.151655,0.187467,0.162859,NaN
horse,545.18,transverse,12,3743.47,6.86649,Solve_Succeeded,SOLVER_RET_UNKNOWN,1,52,196.215,0.867928,195.347,0.536563,6.43875,12,8,7,0.297692,0.238871,29.976,-20.4235,50.3995,0.165494,0.149753,0.187759,0.163629,NaN
horse,545.18,transverse,12,4310.22,7.90604,Solve_Succeeded,SOLVER_RET_UNKNOWN,1,48,194.302,0.829265,193.472,0.53644,6.43728,12,8,7,0.297562,0.238878,29.2043,-19.4416,48.6458,0.165401,0.148807,0.1879,0.16444,NaN
horse,545.18,transverse,12,4962.76,9.10298,Solve_Succeeded,SOLVER_RET_UNKNOWN,1,46,192.484,0.790411,191.693,0.535219,6.42263,12,8,7,0.296857,0.238363,28.0742,-17.9917,46.0659,0.16496,0.148299,0.18812,0.16537,NaN
horse,545.18,transverse,12,5714.1,10.4811,Solve_Succeeded,SOLVER_RET_UNKNOWN,1,37,190.785,0.748618,190.036,0.533708,6.40449,12,8,7,0.295411,0.238297,26.4872,-16.3751,42.8623,0.16393,0.14778,0.187889,0.166329,NaN
horse,545.18,transverse,12,6579.19,12.0679,Solve_Succeeded,SOLVER_RET_UNKNOWN,1,33,189.204,0.711459,188.492,0.532059,6.3847,12,8,7,0.293822,0.238237,24.6912,-14.7322,39.4234,0.16272,0.147472,0.18756,0.167256,NaN
horse,545.18,transverse,12,7575.25,13.895,Solve_Succeeded,SOLVER_RET_UNKNOWN,1,27,187.753,0.6797,187.073,0.530443,6.36531,12,8,7,0.292225,0.238217,22.8823,-13.1112,35.9935,0.161499,0.147278,0.187256,0.16799,NaN
horse,545.18,transverse,12,8722.11,15.9986,Solve_Succeeded,SOLVER_RET_UNKNOWN,1,33,186.458,0.652587,185.805,0.528328,6.33993,12,8,7,0.290761,0.237567,21.0832,-11.7543,32.8375,0.160774,0.147028,0.186672,0.169434,NaN
horse,545.18,transverse,12,10042.6,18.4207,Solve_Succeeded,SOLVER_RET_UNKNOWN,1,23,185.311,0.629055,184.682,0.526604,6.31925,12,8,7,0.289226,0.237378,19.2422,-10.3154,29.5576,0.160013,0.146682,0.185946,0.170526,NaN
horse,545.18,transverse,12,11563,21.2095,Solve_Succeeded,SOLVER_RET_UNKNOWN,1,35,184.283,0.608732,183.675,0.524843,6.29812,12,8,7,0.28769,0.237154,17.4449,-9.07107,26.5159,0.159287,0.146535,0.185156,0.171486,NaN
horse,545.18,transverse,12,13313.6,24.4205,Solve_Succeeded,SOLVER_RET_UNKNOWN,1,27,183.368,0.593238,182.775,0.523529,6.28235,12,8,7,0.286653,0.236876,15.7638,-7.95623,23.72,0.158718,0.146339,0.184703,0.172387,NaN
horse,545.18,transverse,12,15329.2,28.1177,Solve_Succeeded,SOLVER_RET_UNKNOWN,1,24,182.552,0.57925,181.973,0.522238,6.26685,12,8,7,0.28587,0.236367,14.1813,-6.96301,21.1443,0.158358,0.146096,0.184331,0.1735,NaN
horse,545.18,transverse,12,17650,32.3746,Solve_Succeeded,SOLVER_RET_UNKNOWN,1,16,181.836,0.567057,181.269,0.521022,6.25226,12,8,7,0.285074,0.235948,12.6873,-6.0996,18.7869,0.157946,0.145941,0.183983,0.174441,NaN
horse,545.18,transverse,12,20322.1,37.2759,Solve_Succeeded,SOLVER_RET_UNKNOWN,1,31,181.204,0.55468,180.649,0.519691,6.2363,12,8,7,0.284734,0.234957,11.3294,-5.38375,16.7132,0.157928,0.145958,0.183907,0.175552,NaN
horse,545.18,transverse,12,23398.8,42.9193,Solve_Succeeded,SOLVER_RET_UNKNOWN,1,32,180.649,0.544742,180.104,0.514835,6.17802,12,8,7,0.281694,0.233141,10.0712,-4.68211,14.7533,0.157923,0.146691,0.182182,0.176901,NaN
horse,545.18,transverse,12,26941.2,49.4171,Solve_Succeeded,SOLVER_RET_UNKNOWN,1,29,180.145,0.530847,179.614,0.512813,6.15376,12,8,7,0.281564,0.231249,8.94873,-4.11923,13.068,0.158516,0.147551,0.182095,0.177896,NaN
horse,545.18,transverse,12,31020,56.8987,Solve_Succeeded,SOLVER_RET_UNKNOWN,1,26,179.73,0.522058,179.208,0.511489,6.13787,12,8,7,0.281308,0.230181,7.98058,-3.63997,11.6206,0.15883,0.147657,0.181923,0.178874,NaN
horse,545.18,transverse,12,35716.3,65.5129,Solve_Succeeded,SOLVER_RET_UNKNOWN,1,18,179.396,0.514767,178.881,0.510487,6.12585,12,8,7,0.280696,0.229791,7.1207,-3.21712,10.3378,0.158787,0.147693,0.181671,0.179244,NaN
horse,545.18,transverse,12,41123.6,75.4312,Solve_Succeeded,SOLVER_RET_UNKNOWN,1,28,179.12,0.506527,178.613,0.509233,6.1108,12,8,7,0.280929,0.228304,6.36042,-2.82406,9.18448,0.159257,0.14807,0.181734,0.180434,NaN
horse,545.18,transverse,12,47349.5,86.8511,Solve_Succeeded,SOLVER_RET_UNKNOWN,1,16,178.906,0.499434,178.406,0.508121,6.09745,12,8,7,0.280762,0.227359,5.68484,-2.48623,8.17107,0.159526,0.148478,0.181615,0.181028,NaN
horse,545.18,transverse,12,54518,100,Solve_Succeeded,SOLVER_RET_UNKNOWN,1,17,178.735,0.493767,178.241,0.507196,6.08635,12,8,7,0.280491,0.226704,5.06852,-2.17555,7.24406,0.159776,0.148785,0.181371,0.181394,NaN
horse,545.18,transverse,15,54.518,0.1,Solve_Succeeded,SOLVER_RET_UNKNOWN,1,146,252.62,1.17953,251.441,0.474294,7.11441,15,8,7,0.21389,0.260404,41.256,-7.17373,48.4297,0.126504,0.125576,0.175516,0.149873,NaN
horse,545.18,transverse,15,62.7718,0.11514,Solve_Succeeded,SOLVER_RET_UNKNOWN,1,44,252.377,1.17827,251.199,0.477039,7.15559,15,8,7,0.211537,0.265502,41.3383,-6.37839,47.7167,0.125776,0.123798,0.172656,0.146984,NaN
horse,545.18,transverse,15,72.2751,0.132571,Solve_Succeeded,SOLVER_RET_UNKNOWN,1,50,252.53,1.18524,251.345,0.476338,7.14507,15,8,7,0.211099,0.265239,41.5961,-6.33529,47.9314,0.125961,0.123539,0.173028,0.146604,NaN
horse,545.18,transverse,15,83.2173,0.152642,Solve_Succeeded,SOLVER_RET_UNKNOWN,1,37,252.788,1.18712,251.601,0.476024,7.14036,15,8,7,0.210771,0.265253,41.6841,-6.28934,47.9735,0.126044,0.12341,0.173007,0.146356,NaN
horse,545.18,transverse,15,95.816,0.175751,Solve_Succeeded,SOLVER_RET_UNKNOWN,1,31,253.093,1.18885,251.904,0.475651,7.13477,15,8,7,0.210464,0.265187,41.7483,-6.24332,47.9916,0.126143,0.123406,0.172968,0.146102,NaN
horse,545.18,transverse,15,110.322,0.202359,Solve_Succeeded,SOLVER_RET_UNKNOWN,1,35,253.446,1.18907,252.257,0.475515,7.13273,15,8,7,0.2104,0.265115,41.8002,-6.20218,48.0024,0.126179,0.123441,0.172934,0.146092,NaN
horse,545.18,transverse,15,127.024,0.232995,Solve_Succeeded,SOLVER_RET_UNKNOWN,1,38,253.825,1.18901,252.636,0.475363,7.13045,15,8,7,0.210283,0.26508,41.8724,-6.15114,48.0236,0.12622,0.123437,0.172862,0.146065,NaN
horse,545.18,transverse,15,146.255,0.26827,Solve_Succeeded,SOLVER_RET_UNKNOWN,1,64,254.221,1.17945,253.042,0.476004,7.14005,15,8,7,0.210074,0.265929,42.0547,-5.88877,47.9434,0.126049,0.123047,0.172277,0.146005,NaN
horse,545.18,transverse,15,168.398,0.308884,Solve_Succeeded,SOLVER_RET_UNKNOWN,1,37,254.617,1.1762,253.441,0.476197,7.14296,15,8,7,0.20981,0.266387,42.2269,-5.64276,47.8696,0.125998,0.122617,0.17228,0.145698,NaN
horse,545.18,transverse,15,193.892,0.355648,Solve_Succeeded,SOLVER_RET_UNKNOWN,1,32,255.077,1.17408,253.903,0.476211,7.14316,15,8,7,0.20956,0.26665,42.3006,-5.48719,47.7878,0.125995,0.122381,0.172248,0.145428,NaN
horse,545.18,transverse,15,223.247,0.409492,Solve_Succeeded,SOLVER_RET_UNKNOWN,1,28,255.589,1.17359,254.415,0.476811,7.15216,15,8,7,0.209222,0.267588,42.3216,-5.24516,47.5667,0.125836,0.12198,0.171881,0.144934,NaN
horse,545.18,transverse,15,257.045,0.471487,Solve_Succeeded,SOLVER_RET_UNKNOWN,1,40,256.09,1.17274,254.917,0.47669,7.15035,15,8,7,0.20811,0.26858,42.6118,-4.81386,47.4257,0.125868,0.120699,0.171836,0.144039,NaN
horse,545.18,transverse,15,295.961,0.542867,Solve_Succeeded,SOLVER_RET_UNKNOWN,1,43,256.697,1.17402,255.523,0.47642,7.1463,15,8,7,0.206985,0.269435,42.8105,-4.59082,47.4013,0.125941,0.11943,0.172028,0.143002,NaN
horse,545.18,transverse,15,340.768,0.625055,Solve_Succeeded,SOLVER_RET_UNKNOWN,1,46,257.36,1.17908,256.181,0.476109,7.14164,15,8,7,0.204865,0.271244,44.0547,-4.92682,48.9815,0.126021,0.118746,0.169322,0.142222,NaN
horse,545.18,transverse,15,392.358,0.719686,Solve_Succeeded,SOLVER_RET_UNKNOWN,1,18,258.631,1.17821,257.453,0.475836,7.13753,15,8,7,0.204795,0.271041,43.7808,-4.63362,48.4144,0.126172,0.118863,0.169321,0.142261,NaN
horse,545.18,transverse,15,451.76,0.828643,Solve_Succeeded,SOLVER_RET_UNKNOWN,1,9,259.851,1.17905,258.672,0.475525,7.13288,15,8,7,0.20472,0.270805,43.5122,-4.50966,48.0218,0.126215,0.118994,0.169305,0.142255,NaN
horse,545.18,transverse,15,520.154,0.954096,Solve_Succeeded,SOLVER_RET_UNKNOWN,1,48,259.882,1.17473,258.708,0.477001,7.15502,15,8,7,0.204764,0.272237,43.7107,-4.70302,48.4137,0.125786,0.118592,0.168778,0.141903,NaN
horse,545.18,transverse,15,598.903,1.09854,Solve_Succeeded,SOLVER_RET_UNKNOWN,1,26,261.021,1.17737,259.844,0.476929,7.15394,15,8,7,0.204754,0.272175,43.494,-4.75388,48.2478,0.125827,0.118752,0.168731,0.141881,NaN
horse,545.18,transverse,15,689.574,1.26486,Solve_Succeeded,SOLVER_RET_UNKNOWN,1,11,262.818,1.17755,261.64,0.476644,7.14966,15,8,7,0.204701,0.271943,43.1408,-4.59819,47.739,0.125984,0.118868,0.168709,0.141919,NaN
horse,545.18,transverse,15,793.972,1.45635,Solve_Succeeded,SOLVER_RET_UNKNOWN,1,32,263.416,1.17518,262.241,0.478243,7.17365,15,8,7,0.204723,0.27352,43.1265,-4.76508,47.8916,0.125459,0.118803,0.167901,0.141369,NaN
horse,545.18,transverse,15,914.176,1.67683,Solve_Succeeded,SOLVER_RET_UNKNOWN,1,23,264.979,1.17597,263.803,0.47859,7.17885,15,8,7,0.204786,0.273804,42.4248,-4.83146,47.2563,0.125371,0.118965,0.167699,0.141234,NaN
horse,545.18,transverse,15,1052.58,1.9307,Solve_Succeeded,SOLVER_RET_UNKNOWN,1,37,265.983,1.17607,264.807,0.487681,7.31522,15,8,7,0.20537,0.282311,40.8782,-5.10259,45.9808,0.123031,0.116832,0.166409,0.137875,NaN
horse,545.18,transverse,15,1211.93,2.223,Solve_Succeeded,SOLVER_RET_UNKNOWN,1,8,270.593,1.16777,269.425,0.486836,7.30254,15,8,7,0.20563,0.281206,39.876,-4.47473,44.3508,0.124082,0.117268,0.166626,0.138278,NaN
horse,545.18,transverse,15,1395.41,2.55955,Solve_Succeeded,SOLVER_RET_UNKNOWN,1,27,270.765,1.17128,269.593,0.487949,7.31924,15,8,7,0.205837,0.282112,37.6363,-4.98834,42.6246,0.12391,0.117252,0.166305,0.138253,NaN
horse,545.18,transverse,15,1606.67,2.94705,Solve_Succeeded,SOLVER_RET_UNKNOWN,1,46,271.479,1.18384,270.295,0.48879,7.33184,15,8,7,0.205816,0.282973,34.5352,-5.96934,40.5045,0.123043,0.117228,0.166192,0.137754,NaN
horse,545.18,transverse,15,1849.92,3.39322,Solve_Succeeded,SOLVER_RET_UNKNOWN,1,26,274.875,1.17423,273.701,0.488785,7.33178,15,8,7,0.206109,0.282676,33.6983,-5.4606,39.1589,0.123511,0.11747,0.166132,0.137998,NaN
horse,545.18,transverse,15,2129.99,3.90694,Solve_Succeeded,SOLVER_RET_UNKNOWN,1,28,276.314,1.1797,275.134,0.488961,7.33442,15,8,7,0.206067,0.282894,32.0615,-5.77745,37.8389,0.123385,0.117754,0.166033,0.138023,NaN
horse,545.18,transverse,15,2452.46,4.49843,Solve_Succeeded,SOLVER_RET_UNKNOWN,1,6,281.019,1.17983,279.839,0.488028,7.32043,15,8,7,0.205928,0.282101,30.9625,-5.87907,36.8415,0.124431,0.117842,0.166181,0.138616,NaN
horse,545.18,transverse,15,2823.75,5.17947,Solve_Succeeded,SOLVER_RET_UNKNOWN,1,7,283.565,1.17889,282.386,0.487922,7.31883,15,8,7,0.206068,0.281853,29.1439,-5.98795,35.1319,0.124739,0.117996,0.166143,0.138695,NaN
horse,545.18,transverse,15,3251.25,5.96362,Solve_Succeeded,SOLVER_RET_UNKNOWN,1,8,285.627,1.17779,284.449,0.487968,7.31952,15,8,7,0.206221,0.281748,27.2118,-6.18287,33.3947,0.124923,0.118111,0.166043,0.138722,NaN
horse,545.18,transverse,15,3743.47,6.86649,Solve_Succeeded,SOLVER_RET_UNKNOWN,1,9,288.899,1.19572,287.703,0.487865,7.31797,15,8,7,0.206218,0.281647,25.0606,-5.93651,30.9971,0.125611,0.118568,0.166272,0.138203,NaN
horse,545.18,transverse,15,4310.22,7.90604,Solve_Succeeded,SOLVER_RET_UNKNOWN,1,7,290.696,1.18986,289.506,0.487976,7.31963,15,8,7,0.206359,0.281617,23.0178,-6.02037,29.0382,0.12583,0.118641,0.166092,0.138277,NaN
horse,545.18,transverse,15,4962.76,9.10298,Solve_Succeeded,SOLVER_RET_UNKNOWN,1,66,259.648,1.16819,258.48,0.523427,7.85141,15,8,7,0.220213,0.303215,14.5178,-19.2805,33.7984,0.118006,0.119525,0.166792,0.132856,NaN
horse,545.18,transverse,15,5714.1,10.4811,Solve_Succeeded,SOLVER_RET_UNKNOWN,1,17,259.153,1.15067,258.002,0.522617,7.83926,15,8,7,0.219788,0.302829,13.5729,-17.2656,30.8385,0.118457,0.119421,0.166478,0.133122,NaN
horse,545.18,transverse,15,6579.19,12.0679,Solve_Succeeded,SOLVER_RET_UNKNOWN,1,27,253.342,1.12796,252.214,0.522478,7.83717,15,8,7,0.221198,0.30128,14.6835,-16.988,31.6715,0.118148,0.12034,0.16609,0.134073,NaN
horse,545.18,transverse,15,7575.25,13.895,Solve_Succeeded,SOLVER_RET_UNKNOWN,1,52,247.567,1.11011,246.456,0.518508,7.77762,15,8,7,0.22333,0.295178,17.6185,-15.1101,32.7287,0.119288,0.124501,0.166445,0.1362,NaN
horse,545.18,transverse,15,8722.11,15.9986,Solve_Succeeded,SOLVER_RET_UNKNOWN,1,63,244.136,1.08284,243.053,0.515634,7.73451,15,8,7,0.224065,0.291569,18.2958,-13.0734,31.3692,0.120782,0.125557,0.166922,0.137643,NaN
horse,545.18,transverse,15,10042.6,18.4207,Solve_Succeeded,SOLVER_RET_UNKNOWN,1,27,240.664,1.04499,239.619,0.513391,7.70086,15,8,7,0.225878,0.287513,19.2054,-10.964,30.1694,0.121459,0.128193,0.167442,0.139855,NaN
horse,545.18,transverse,15,11563,21.2095,Solve_Succeeded,SOLVER_RET_UNKNOWN,1,25,239.167,1.02314,238.144,0.514321,7.71482,15,8,7,0.226725,0.287596,17.996,-9.83345,27.8295,0.124716,0.127461,0.166518,0.141179,NaN
horse,545.18,transverse,15,13313.6,24.4205,Solve_Succeeded,SOLVER_RET_UNKNOWN,1,25,236.539,0.99294,235.546,0.51322,7.6983,15,8,7,0.226727,0.286493,16.4835,-8.65445,25.138,0.124417,0.127317,0.165542,0.141448,NaN
horse,545.18,transverse,15,15329.2,28.1177,Solve_Succeeded,SOLVER_RET_UNKNOWN,1,58,234.005,0.974975,233.03,0.511381,7.67071,15,8,7,0.227855,0.283526,15.8933,-7.32213,23.2155,0.125939,0.128576,0.165209,0.143174,NaN
horse,545.18,transverse,15,17650,32.3746,Solve_Succeeded,SOLVER_RET_UNKNOWN,1,17,232.766,0.959511,231.806,0.510611,7.65917,15,8,7,0.227383,0.283228,14.5188,-6.40158,20.9204,0.12609,0.128122,0.164791,0.143935,NaN
horse,545.18,transverse,15,20322.1,37.2759,Solve_Succeeded,SOLVER_RET_UNKNOWN,1,26,231.07,0.948072,230.122,0.507515,7.61273,15,8,7,0.227106,0.280409,13.8049,-5.57539,19.3803,0.126482,0.128954,0.164457,0.145974,NaN
horse,545.18,transverse,15,23398.8,42.9193,Solve_Succeeded,SOLVER_RET_UNKNOWN,1,24,229.801,0.944158,228.857,0.507584,7.61376,15,8,7,0.227178,0.280406,12.5378,-5.03251,17.5703,0.126545,0.128249,0.164009,0.14699,NaN
horse,545.18,transverse,15,26941.2,49.4171,Solve_Succeeded,SOLVER_RET_UNKNOWN,1,22,229.239,0.932438,228.306,0.507603,7.61404,15,8,7,0.226854,0.280749,11.1572,-4.39288,15.5501,0.126617,0.127684,0.163745,0.147229,NaN
horse,545.18,transverse,15,31020,56.8987,Solve_Succeeded,SOLVER_RET_UNKNOWN,1,24,228.673,0.921582,227.752,0.507617,7.61425,15,8,7,0.226596,0.281021,9.95379,-3.84439,13.7982,0.126558,0.127171,0.163451,0.147451,NaN
horse,545.18,transverse,15,35716.3,65.5129,Solve_Succeeded,SOLVER_RET_UNKNOWN,1,22,228.083,0.911561,227.171,0.506915,7.60373,15,8,7,0.226039,0.280876,8.89318,-3.40637,12.2996,0.126518,0.126767,0.163045,0.147967,NaN
horse,545.18,transverse,15,41123.6,75.4312,Solve_Succeeded,SOLVER_RET_UNKNOWN,1,25,227.918,0.903752,227.014,0.506708,7.60062,15,8,7,0.22578,0.280928,7.87352,-2.98028,10.8538,0.126665,0.126399,0.162805,0.148197,NaN
horse,545.18,transverse,15,47349.5,86.8511,Solve_Succeeded,SOLVER_RET_UNKNOWN,1,23,227.711,0.898546,226.813,0.506555,7.59832,15,8,7,0.225321,0.281233,6.98969,-2.60354,9.59323,0.126801,0.12602,0.162507,0.148524,NaN
horse,545.18,transverse,15,54518,100,Solve_Succeeded,SOLVER_RET_UNKNOWN,1,25,227.606,0.891325,226.715,0.506268,7.59401,15,8,7,0.225155,0.281113,6.16025,-2.28113,8.44139,0.126822,0.125788,0.162293,0.148669,NaN
